,From,To,w,LinkID,FromOsm,ToOsm,OsmPathLong,FP,TP,Forward,Backward,f,b,OsmPath
0,1036,4399,0.131795752,"(1036, 4399)",767737803,1985549834,"[767737803, 1985336815, 6682397302, 3933090383, 1985551132, 1985549834]",POINT (321088.5262761708 5813867.830488794),POINT (320957.3764310682 5813883.627817752),"[7.073009608641731, 39.47962888322296, 72.71033776831543, 116.38472000690372, 125.6673453967617, 138.4865901847512]","[126.0502494718773, 92.86696190002098, 59.62452553023959, 16.35297048282713, 7.808283270035806, 7.7054117807109535]","[1985336815, 6682397302, 3933090383, 1985551132, 1985549834]","[1985551132, 1985549834]","[1985336815, 6682397302, 3933090383, 1985551132]"
1,1036,4400,0.133202754,"(1036, 4400)",767737803,3199635545,"[767737803, 30287383, 30943326, 319157922, 767671454, 6682397286, 319157918, 767671809, 3933097956, 34160610, 30943327, 3199635545]",POINT (321088.5262761708 5813867.830488794),POINT (321221.0865977218 5813851.950740562),"[7.073009608641731, 9.179100454922628, 10.428997325416173, 53.79474389722607, 66.42233071590145, 72.37651163928999, 75.74007539955122, 90.96878546825259, 115.51685790816222, 124.38977228032178, 136.93966019368284, 136.7750508777218]","[139.65477052160375, 139.98396918612227, 125.94770344742054, 80.43498591219912, 67.82877420682226, 61.88324334350375, 58.53184103776838, 43.41940797458431, 19.64033685915869, 11.905401232434754, 8.132606389198667, 3.6662653505957383]","[30943326, 319157922, 767671454, 6682397286, 319157918, 767671809, 3933097956, 34160610, 30943327, 3199635545]","[30943327, 3199635545]","[30943326, 319157922, 767671454, 6682397286, 319157918, 767671809, 3933097956, 34160610, 30943327]"
2,2902,2903,0.22977390399999997,"(2902, 2903)",595594348,595594352,"[595594348, 6167344540, 595594349, 595594350, 6381474061, 595594351, 6696274751, 3367904403, 6167344517, 1985557927, 595594352]",POINT (321273.2145975538 5813309.648945458),POINT (321058.8980110845 5813225.610104473),"[9.137921202981097, 12.439883195630179, 40.4671741332801, 75.53734765241843, 109.75157234538558, 153.47400844053556, 158.678943671618, 213.61895189551615, 217.101829079606, 222.53286020459086, 236.50616811771272]","[222.2830140174828, 218.6488948937414, 190.05736524758845, 154.8903479962794, 120.66204551120966, 76.98374252538615, 71.79105504719028, 17.49376145680616, 14.221187745927205, 9.432475094880672, 8.172887879934889]","[6167344540, 595594349, 595594350, 6381474061, 595594351, 6696274751, 3367904403, 6167344517, 1985557927, 595594352]","[1985557927, 595594352]","[6167344540, 595594349, 595594350, 6381474061, 595594351, 6696274751, 3367904403, 6167344517, 1985557927]"
3,2903,2902,0.22977390399999997,"(2903, 2902)",595594352,595594348,"[595594352, 26034669, 1985557923, 6167344516, 247010162, 6696274752, 247012072, 247008053, 247008062, 6381474060, 247008046, 247018098, 3367904413, 6167344539, 26034670, 589402311, 595594347, 595594348]",POINT (321058.8980110845 5813225.610104473),POINT (321273.2145975538 5813309.648945458),"[8.172887879934889, 8.834999179752712, 10.066960691136359, 14.696097267057329, 38.34871158696047, 71.65036674513372, 84.0324104780115, 94.73391848146215, 109.75220803911354, 121.08158445244077, 127.07475828996256, 155.21657473590258, 209.05216184506884, 218.38508714994472, 222.34175740991205, 238.81149786077313, 238.81631142024386, 222.2830140174828]","[236.50616811771272, 236.4692504561913, 222.5314306839558, 217.09066911768923, 192.53996311681038, 159.02402004212243, 146.61727006753242, 135.90498188738826, 120.88627307530352, 109.56510013783715, 103.58082516022714, 75.52046925307027, 22.640006028014437, 14.248581398281436, 11.15388661875953, 11.57588291836298, 9.635182573674436, 9.137921202981097]","[1985557923, 6167344516, 247010162, 6696274752, 247012072, 247008053, 247008062, 6381474060, 247008046, 247018098, 3367904413, 6167344539, 26034670, 589402311, 595594347, 595594348]","[595594347, 595594348]","[1985557923, 6167344516, 247010162, 6696274752, 247012072, 247008053, 247008062, 6381474060, 247008046, 247018098, 3367904413, 6167344539, 26034670, 589402311, 595594347]"
4,2903,2912,0.11684620400000001,"(2903, 2912)",595594352,26034662,"[595594352, 26034669, 6167236663, 6207070037, 596918517, 245537598, 6725414990, 26034662]",POINT (321058.8980110845 5813225.610104473),POINT (321016.6314525625 5813334.376633868),"[8.172887879934889, 8.834999179752712, 14.105196872818109, 45.86262347886322, 58.924550790834914, 82.49934602540868, 113.17134984049245, 117.294627863684]","[122.14295721689672, 110.56971637052231, 104.19591935569409, 71.49451066527577, 58.39325656446718, 34.92733977302186, 6.9576001016960545, 5.914321724414468]","[6167236663, 6207070037, 596918517, 245537598, 6725414990, 26034662]","[6725414990, 26034662]","[6167236663, 6207070037, 596918517, 245537598, 6725414990]"
5,2903,2935,0.11964760599999999,"(2903, 2935)",595594352,4544002876,"[595594352, 6167344378, 595594353, 595594354, 4544002876]",POINT (321058.8980110845 5813225.610104473),POINT (320947.2864683419 5813181.881760975),"[8.172887879934889, 14.1354394084421, 35.402549009084346, 73.9254698608878, 116.28726677640464]","[113.75320148592729, 106.88697313966422, 85.02427995761256, 46.42781960402366, 6.382851689133638]","[6167344378, 595594353, 595594354, 4544002876]",[4544002876],"[6167344378, 595594353, 595594354, 4544002876]"
6,2904,2905,0.12405899599999999,"(2904, 2905)",2187770696,6731941332,"[2187770696, 2187770690, 1838361797, 6167266616, 4544035097, 595594357, 6731941323, 4544035096, 6731941331, 6877591103, 595595950, 6877591105, 4544035094, 6877591102, 4544035099, 3394697044, 2190483592, 4326586201, 4326586202, 4326586200, 4326586199, 2190483594, 6167441054, 4544035098, 6731941332]",POINT (320843.1866468274 5813141.090960866),POINT (320727.473484116 5813095.715873815),"[5.152019998252976, 5.222981379949762, 5.53113059838701, 12.264152479917582, 38.90697807332539, 41.34318273990352, 44.27330064911014, 83.74738951736974, 89.93492479177033, 99.1203712743085, 101.44300289046814, 104.59158998713242, 106.08000459791971, 112.57295516568615, 174.66343141415538, 219.51884183588686, 224.9374347398594, 230.33607460017762, 232.95150688406446, 232.97563785770404, 230.36049550192777, 224.96235642336967, 219.6381606141508, 174.73503699095042, 118.5349266273696]","[124.92581506439802, 123.37119305506769, 122.30345602330833, 113.25519144413794, 85.86915680566034, 83.41694068484026, 80.47019011725553, 41.008329867069826, 34.86460033460281, 25.751536111143317, 23.517852259776518, 20.449943353036588, 19.008142442489387, 12.825127563497407, 50.5455429518096, 95.2957265002686, 100.7121455279922, 106.10572120641976, 108.7189358795922, 108.78668075882321, 106.17517162705589, 100.7851300944989, 95.47006689558724, 50.73515898833235, 8.73880877745878]","[6167266616, 4544035097, 595594357, 6731941323, 4544035096, 6731941331, 6877591103, 595595950, 6877591105, 4544035094, 6877591102, 4544035099, 3394697044, 2190483592, 4326586201, 4326586202, 4326586200, 4326586199, 2190483594, 6167441054, 4544035098, 6731941332]",[6731941332],"[6167266616, 4544035097, 595594357, 6731941323, 4544035096, 6731941331, 6877591103, 595595950, 6877591105, 4544035094, 6877591102, 4544035099, 3394697044, 2190483592, 4326586201, 4326586202, 4326586200, 4326586199, 2190483594, 6167441054, 4544035098, 6731941332]"
7,2904,2913,0.116681756,"(2904, 2913)",2187770696,2187770698,"[2187770696, 2187770700, 2187973144, 6167236658, 6167266603, 6725404981, 2187770698]",POINT (320843.1866468274 5813141.090960866),POINT (320801.0960106999 5813249.749353509),"[5.152019998252976, 6.383238008132887, 8.750744841108117, 13.147950052691868, 110.9193399974825, 112.4275540524219, 116.76279565594358]","[121.64963376458641, 110.16560014319032, 107.79213972667168, 103.38987137433202, 5.614376279557159, 4.107190798237078, 0.28628367913143943]","[6167236658, 6167266603, 6725404981, 2187770698]","[6167266603, 6725404981, 2187770698]","[6167236658, 6167266603]"
8,2904,2935,0.11159698800000001,"(2904, 2935)",2187770696,4544002876,"[2187770696, 2187770700, 2187770709, 1838361789, 6167265884, 245537592, 6206871443, 4544002875, 245537608, 6696274748, 4544002874, 3367904418, 6167344379, 26034669, 1985557923, 1985557927, 595594352, 6167344378, 595594353, 595594354, 4544002876]",POINT (320843.1866468274 5813141.090960866),POINT (320947.2864683419 5813181.881760975),"[5.152019998252976, 6.383238008132887, 6.7380670926593655, 8.57986017605464, 13.51135817117524, 86.11708174635095, 103.61877016390761, 115.56166121911028, 133.46170754723886, 157.56034796558797, 196.89861453502655, 214.47397417209328, 218.7872167182416, 225.58459843694465, 239.52776313596263, 239.4776599502165, 225.49873909383757, 218.6266696674498, 196.73813874686152, 158.02484582063357, 115.62423235015096]","[111.39408687240244, 111.43669367621453, 109.76927921315277, 106.26900523666497, 100.08854691731578, 26.585562189542625, 10.345107788232916, 7.277499696594311, 22.41784883232348, 46.063196315285595, 85.2252563708148, 102.76855292508917, 107.07584556219447, 113.86484642632628, 127.79631009544863, 127.72458986115686, 113.75320148592729, 106.88697313966422, 85.02427995761256, 46.42781960402366, 6.382851689133638]","[6167265884, 245537592, 6206871443, 4544002875, 245537608, 6696274748, 4544002874, 3367904418, 6167344379, 26034669, 1985557923, 1985557927, 595594352, 6167344378, 595594353, 595594354, 4544002876]","[4544002875, 4544002876]","[6167265884, 245537592, 6206871443, 4544002875]"
9,2905,2904,0.12405899599999999,"(2905, 2904)",6731941332,2187770696,"[6731941332, 6877591100, 4544035093, 176696956, 6877591101, 4544035095, 6731941327, 176665291, 6167266617, 1838361790, 2187770688, 2187770700, 2187770696]",POINT (320727.473484116 5813095.715873815),POINT (320843.1866468274 5813141.090960866),"[8.73880877745878, 13.560723395303148, 19.36704956745754, 23.398355650550744, 25.85543483386459, 41.225228798334655, 44.54424513652581, 85.95561977446954, 113.17993539992806, 122.06695498739585, 123.44480459635663, 125.00646381411005, 124.92581506439802]","[118.5349266273696, 112.48764021757326, 106.211613874386, 101.99027120111684, 99.47121313230934, 83.81095038395424, 80.46381642653341, 39.098314368805006, 12.963624712735069, 6.7984694903169665, 6.44584864556461, 6.383238008132887, 5.152019998252976]","[6877591100, 4544035093, 176696956, 6877591101, 4544035095, 6731941327, 176665291, 6167266617, 1838361790, 2187770688, 2187770700, 2187770696]","[1838361790, 2187770688, 2187770700, 2187770696]","[6877591100, 4544035093, 176696956, 6877591101, 4544035095, 6731941327, 176665291, 6167266617, 1838361790]"
10,2912,2903,0.11684620400000001,"(2912, 2903)",26034662,595594352,"[26034662, 1985557963, 6725414991, 6207070036, 3367904400, 6167236664, 1985557923, 1985557927, 595594352]",POINT (321016.6314525625 5813334.376633868),POINT (321058.8980110845 5813225.610104473),"[5.914321724414468, 7.612894757429449, 8.399514493199018, 71.51443363867511, 101.99978812436291, 104.22696621285569, 110.53177685502926, 122.30787281105198, 122.14295721689672]","[117.294627863684, 117.42062956206946, 113.37653283748024, 46.23500740558827, 16.86396957393333, 14.916323111396313, 10.066960691136359, 9.432475094880672, 8.172887879934889]","[6207070036, 3367904400, 6167236664, 1985557923, 1985557927, 595594352]","[1985557927, 595594352]","[6207070036, 3367904400, 6167236664, 1985557923, 1985557927]"
11,2912,2911,0.229315675,"(2912, 2911)",26034662,26034663,"[26034662, 1985557963, 6167344514, 247007089, 6725414993, 6725414994, 247007096, 247010166, 6725415003, 247010179, 6725415004, 247010194, 6167344537, 26034663]",POINT (321016.6314525625 5813334.376633868),POINT (321230.3270866735 5813418.73597751),"[5.914321724414468, 7.612894757429449, 13.387663241945965, 38.05266853700307, 66.20537362711235, 70.2869479607923, 75.72211772475181, 116.76043689738086, 122.07031280626987, 155.62810058689968, 175.81513001268948, 195.38414733830777, 218.04402098819116, 222.50227124467244]","[235.63873388171547, 222.1445267318176, 216.36391520112605, 191.69389981578146, 163.54009420992182, 159.4584219671448, 154.02376937523903, 112.98442910461432, 107.67449693307978, 74.11657277946766, 53.929549439235636, 34.36247883545127, 11.701373018574012, 7.243816700617217]","[6167344514, 247007089, 6725414993, 6725414994, 247007096, 247010166, 6725415003, 247010179, 6725415004, 247010194, 6167344537, 26034663]",[26034663],"[6167344514, 247007089, 6725414993, 6725414994, 247007096, 247010166, 6725415003, 247010179, 6725415004, 247010194, 6167344537, 26034663]"
12,2912,2920,0.114934281,"(2912, 2920)",26034662,2181268836,"[26034662, 6725414987, 6775928315, 6167289316, 3367904404, 2181268836]",POINT (321016.6314525625 5813334.376633868),POINT (320975.1068381071 5813441.38284483),"[5.914321724414468, 7.935775958382275, 21.138202705371004, 102.08055515696675, 104.37539096682106, 111.48262903286961]","[114.47947113010248, 109.64130108733283, 94.65669713661038, 14.049367885655405, 11.976444028860527, 6.610156750126578]","[6775928315, 6167289316, 3367904404, 2181268836]",[2181268836],"[6775928315, 6167289316, 3367904404, 2181268836]"
13,2913,2904,0.116681756,"(2913, 2904)",2187770698,2187770696,"[2187770698, 6725404981, 6167266603, 6167236658, 2187973144, 2187770700, 2187770696]",POINT (320801.0960106999 5813249.749353509),POINT (320843.1866468274 5813141.090960866),"[0.28628367913143943, 4.107190798237078, 5.614376279557159, 103.38987137433202, 107.79213972667168, 110.16560014319032, 121.64963376458641]","[116.76279565594358, 112.4275540524219, 110.9193399974825, 13.147950052691868, 8.750744841108117, 6.383238008132887, 5.152019998252976]","[6167236658, 2187973144, 2187770700, 2187770696]","[2187973144, 2187770700, 2187770696]","[6167236658, 2187973144]"
14,2913,2912,0.23112095600000002,"(2913, 2912)",2187770698,26034662,"[2187770698, 2187770708, 1558806055, 6167266590, 6806701818, 6167344383, 26034662]",POINT (320801.0960106999 5813249.749353509),POINT (321016.6314525625 5813334.376633868),"[0.28628367913143943, 1.8737577565772106, 5.792806887975656, 11.619482725041795, 117.62097542449652, 217.4103352985383, 225.65952854221624]","[231.39234553892175, 229.7029458707596, 225.77590313072642, 219.94191745780216, 113.93485149307583, 14.152116315425731, 5.914321724414468]","[6167266590, 6806701818, 6167344383, 26034662]",[26034662],"[6167266590, 6806701818, 6167344383, 26034662]"
15,2914,2913,0.23164153899999998,"(2914, 2913)",4326586198,2187770698,"[4326586198, 4326586197, 2190483597, 6167441043, 714724462, 176699680, 6725404966, 6806666957, 176693430, 176703213, 6167266619, 1558806077, 2187770695, 2187770698]",POINT (320585.2247023057 5813164.553743086),POINT (320801.0960106999 5813249.749353509),"[1.2833776962927435, 1.6296544674766047, 6.94979873908264, 12.014018533467784, 43.30119752158399, 97.16466184066559, 101.79010563180803, 125.9535839321414, 173.5850160217724, 193.49537941282193, 221.1385127611244, 226.80400814354277, 230.6538737667315, 232.23721442918313]","[233.20332319633923, 230.5630003206417, 225.15133166765537, 220.07546901441128, 188.77688176709438, 134.91100012843984, 130.2854523664562, 106.12164376398225, 58.489858731761, 38.57942400933025, 10.936587579065305, 5.2715927365642195, 1.4341909994180115, 0.28628367913143943]","[6167441043, 714724462, 176699680, 6725404966, 6806666957, 176693430, 176703213, 6167266619, 1558806077, 2187770695, 2187770698]","[1558806077, 2187770695, 2187770698]","[6167441043, 714724462, 176699680, 6725404966, 6806666957, 176693430, 176703213, 6167266619, 1558806077]"
16,2914,2922,0.11612908,"(2914, 2922)",4326586198,2190561002,"[4326586198, 6167441046, 2190619723, 6167289285, 4326586196, 4326586194, 2190561002]",POINT (320585.2247023057 5813164.553743086),POINT (320543.2306354875 5813272.658030137),"[1.2833776962927435, 6.057995092518559, 96.17292377017358, 101.70639630487368, 111.11358339693243, 112.32623100035846, 117.48417637298914]","[116.59840570750714, 110.03344461563921, 19.854206353284244, 14.332572330201812, 5.0124291194657955, 3.8426120988447456, 1.8928977050426317]","[2190619723, 6167289285, 4326586196, 4326586194, 2190561002]","[4326586196, 4326586194, 2190561002]","[2190619723, 6167289285, 4326586196]"
17,2918,2919,0.18691893699999998,"(2918, 2919)",277089909,2181268826,"[277089909, 767584716, 501027474, 501027471, 3937111755, 3933095114, 6167357843, 767582212, 7312392852, 7312392851, 4000075641, 767661756, 767584894, 2384091375, 6723935400, 2384091376, 6723935402, 767592620, 767592619, 767645839, 767592592, 6723935388, 6723935390, 6723935392, 6723935391, 767584876, 2384091384, 3937113665, 2324975780, 767583089, 3933095116, 767582207, 6167357839, 277089855, 1713460557, 767584691, 767584648, 767584692, 767584693, 767584026, 767584427, 767584428, 767584430, 2841675041, 3367904419, 2291073957, 2181268826]",POINT (321358.419494647 5813604.144453418),POINT (321188.0861825679 5813526.393651278),"[3.687678694489808, 15.373460023919922, 18.78589001729141, 38.57843739223844, 52.61133883430924, 55.52667966846399, 59.0014711402815, 64.59642048837702, 125.37161808916254, 145.99212092567478, 189.47585613979894, 210.50833810913647, 215.12879005771705, 222.37926083216936, 223.34791610624282, 225.5602283224326, 226.6363603429619, 226.96895218531367, 227.24597093358383, 228.07048237783812, 229.51490348916133, 229.64371875514965, 226.43325713181827, 226.27857898844906, 225.45697274229053, 218.12390929182934, 213.01333128233074, 174.04635738626848, 128.54130968217606, 123.42386112515624, 84.40587951207037, 77.76283349344598, 71.45707108486695, 53.699746312985276, 41.15535476482739, 29.144187958973713, 25.836584578389328, 22.140865647013918, 20.733386035075757, 23.593773497176425, 30.319059089387796, 51.1182759243288, 81.50183135349823, 144.99365445644037, 167.02772088458997, 178.6140093745098, 192.15322778390478]","[184.1425332738001, 202.188947042547, 205.1657095483987, 222.71208190854037, 235.38644751832348, 238.03926111095558, 241.20659676784143, 246.3228610208597, 303.0151698402718, 322.65179327781055, 364.4205894310848, 384.5953567504737, 389.1871116654807, 396.18692185171835, 397.1224792565025, 399.26083642285477, 400.29904967775406, 395.8191769261323, 394.9884765387613, 393.3644362354259, 391.6171025147024, 391.5256048121401, 388.3107537844782, 388.1524700585654, 387.3360619283323, 379.97739438708913, 374.91766906712, 335.8498745886872, 288.797189098656, 283.7425748005641, 247.79516458942953, 242.13997327819985, 236.68773873426565, 221.65654208853107, 210.4151990694952, 197.73265328164536, 193.40287973666057, 187.39062359277375, 180.0011143150138, 170.926646286557, 161.536623906442, 138.25254301319393, 107.00726902961168, 43.05128389288376, 21.20763830870974, 10.261181473479056, 6.808580825093584]","[767584716, 501027474, 501027471, 3937111755, 3933095114, 6167357843, 767582212, 7312392852, 7312392851, 4000075641, 767661756, 767584894, 2384091375, 6723935400, 2384091376, 6723935402, 767592620, 767592619, 767645839, 767592592, 6723935388, 6723935390, 6723935392, 6723935391, 767584876, 2384091384, 3937113665, 2324975780, 767583089, 3933095116, 767582207, 6167357839, 277089855, 1713460557, 767584691, 767584648, 767584692, 767584693, 767584026, 767584427, 767584428, 767584430, 2841675041, 3367904419, 2291073957, 2181268826]",[2181268826],"[767584716, 501027474, 501027471, 3937111755, 3933095114, 6167357843, 767582212, 7312392852, 7312392851, 4000075641, 767661756, 767584894, 2384091375, 6723935400, 2384091376, 6723935402, 767592620, 767592619, 767645839, 767592592, 6723935388, 6723935390, 6723935392, 6723935391, 767584876, 2384091384, 3937113665, 2324975780, 767583089, 3933095116, 767582207, 6167357839, 277089855, 1713460557, 767584691, 767584648, 767584692, 767584693, 767584026, 767584427, 767584428, 767584430, 2841675041, 3367904419, 2291073957, 2181268826]"
18,2918,4405,0.16399665300000002,"(2918, 4405)",277089909,30220444,"[277089909, 767584716, 501027474, 501027471, 3937111755, 3933095114, 6167357843, 767582212, 7312392852, 7312392851, 4000075641, 767661756, 767584894, 2384091375, 6723935400, 2384091376, 767593108, 767647073, 767654111, 767654104, 796798542, 6723935398, 767593284, 767654093, 767653222, 767644061, 767644068, 767644072, 767644076, 767582209, 6167357841, 767584116, 767584117, 767584148, 767584149, 767584151, 767584152, 1691676449, 767584153, 266734012, 277089910, 767584204, 1833110284, 3345188399, 3933095117, 1691676471, 1691676459, 34157905, 30220444]",POINT (321358.419494647 5813604.144453418),POINT (321195.0698620731 5813622.465368565),"[3.687678694489808, 15.373460023919922, 18.78589001729141, 38.57843739223844, 52.61133883430924, 55.52667966846399, 59.0014711402815, 64.59642048837702, 125.37161808916254, 145.99212092567478, 189.47585613979894, 210.50833810913647, 215.12879005771705, 222.37926083216936, 223.34791610624282, 225.5602283224326, 224.98609255276938, 223.29249625197014, 221.66659182143297, 218.95610872626767, 215.55518434161138, 215.40860725853, 210.96537962665917, 206.231046634207, 198.0680135814211, 132.10282225314762, 116.37643671753389, 98.57686749112298, 82.97636444388337, 69.88616667035062, 63.68934812215226, 40.31368825581099, 25.68905037489398, 21.91690896825221, 17.11942586795972, 14.456349485839569, 12.438331761705538, 12.394459291510747, 13.022231452875886, 12.510247366645467, 16.883966197330597, 24.99792546098387, 45.90981146767776, 64.4125003700475, 146.38395138002505, 159.9082846674358, 173.8525462110511, 173.5079113408307, 159.545086412142]","[162.7622524955833, 179.13851195206425, 182.7471764984431, 202.80489768427054, 216.8831715759636, 219.80458762622644, 223.28606356544026, 228.8902009155266, 289.7071091681921, 310.32979919114837, 353.8163552074249, 374.85725022662604, 379.4727984550998, 386.72502656338617, 387.6939182958838, 389.9067148051711, 389.34929298614145, 387.6488815424923, 385.9802839333856, 383.2028672459211, 379.72715294498744, 379.57849746081394, 375.0617600850448, 370.27311837701103, 362.0397426894417, 295.6741501475387, 279.81046571791444, 261.9309831505636, 246.32736575235327, 233.26496248480487, 227.04003285630444, 203.6097719883719, 188.85180826518254, 184.88854072755066, 179.46768592002334, 175.78672721640672, 171.39619312191928, 167.68730109837014, 166.33910225067677, 160.09515653674111, 150.76907368472314, 140.97518708338623, 118.92764300184245, 100.20748880759942, 18.88904847121351, 7.226227282396073, 10.719544605008712, 10.11776420850245, 6.325893891250341]","[767584716, 501027474, 501027471, 3937111755, 3933095114, 6167357843, 767582212, 7312392852, 7312392851, 4000075641, 767661756, 767584894, 2384091375, 6723935400, 2384091376, 767593108, 767647073, 767654111, 767654104, 796798542, 6723935398, 767593284, 767654093, 767653222, 767644061, 767644068, 767644072, 767644076, 767582209, 6167357841, 767584116, 767584117, 767584148, 767584149, 767584151, 767584152, 1691676449, 767584153, 266734012, 277089910, 767584204, 1833110284, 3345188399, 3933095117, 1691676471, 1691676459, 34157905, 30220444]","[1691676471, 30220444]","[767584716, 501027474, 501027471, 3937111755, 3933095114, 6167357843, 767582212, 7312392852, 7312392851, 4000075641, 767661756, 767584894, 2384091375, 6723935400, 2384091376, 767593108, 767647073, 767654111, 767654104, 796798542, 6723935398, 767593284, 767654093, 767653222, 767644061, 767644068, 767644072, 767644076, 767582209, 6167357841, 767584116, 767584117, 767584148, 767584149, 767584151, 767584152, 1691676449, 767584153, 266734012, 277089910, 767584204, 1833110284, 3345188399, 3933095117, 1691676471]"
19,2919,2911,0.115801666,"(2919, 2911)",2181268826,26034663,"[2181268826, 6167289319, 2841675045, 2181268848, 2291073960, 6167289314, 247010182, 247010186, 247010200, 6725415001, 247010194, 6167344537, 26034663]",POINT (321188.0861825679 5813526.393651278),POINT (321230.3270866735 5813418.73597751),"[6.808580825093584, 12.216599519541175, 16.572665293592515, 74.13102499711539, 74.61995743109576, 75.30210842138368, 102.33448123640251, 79.19873524612267, 95.87077423254192, 117.3419755448404, 120.34038921379582, 116.0899400350141, 115.72034241432709]","[110.71265252862544, 111.24098470444144, 111.8515925690782, 133.1901188737387, 129.95025338416528, 126.20591758917561, 85.98410448764135, 55.76887376197152, 42.95185211829031, 34.51047406528347, 34.36247883545127, 11.701373018574012, 7.243816700617217]","[6167289319, 2841675045, 2181268848, 2291073960, 6167289314, 247010182, 247010186, 247010200, 6725415001, 247010194, 6167344537, 26034663]",[26034663],"[6167289319, 2841675045, 2181268848, 2291073960, 6167289314, 247010182, 247010186, 247010200, 6725415001, 247010194, 6167344537, 26034663]"
20,2919,2918,0.18691893699999998,"(2919, 2918)",2181268826,277089909,"[2181268826, 2181275344, 767584383, 6167289323, 2841675040, 2181275336, 3933095111, 1691676483, 277089910, 277089909]",POINT (321188.0861825679 5813526.393651278),POINT (321358.419494647 5813604.144453418),"[6.808580825093584, 8.013457761874632, 12.00061928390307, 18.71392179847062, 20.437484341286368, 106.79099756266909, 153.62134297843534, 166.35017714276546, 170.3921205466425, 184.1425332738001]","[192.15322778390478, 190.1073891415646, 177.5070898360792, 169.7742482929524, 167.9158218705228, 80.46922262476858, 33.62358882050079, 20.9118730164387, 16.883966197330597, 3.687678694489808]","[767584383, 6167289323, 2841675040, 2181275336, 3933095111, 1691676483, 277089910, 277089909]",[277089909],"[767584383, 6167289323, 2841675040, 2181275336, 3933095111, 1691676483, 277089910, 277089909]"
21,2919,2920,0.228893428,"(2919, 2920)",2181268826,2181268836,"[2181268826, 6167289319, 2841675045, 2181268848, 6167279406, 2181268846, 2841675049, 3367904405, 6167344497, 2181268830, 2181268836]",POINT (321188.0861825679 5813526.393651278),POINT (320975.1068381071 5813441.38284483),"[6.808580825093584, 12.216599519541175, 16.572665293592515, 74.13102499711539, 111.18933648640308, 189.38275502127485, 192.1699162100861, 212.91684712238916, 215.4872618592793, 221.97479953919222, 235.01968805959135]","[224.7567748641586, 218.18408182870414, 213.51961719882092, 155.38525732533026, 118.28375978512511, 40.14122363172598, 37.36477234447143, 16.80560415281402, 14.298698944353662, 8.14634729072062, 6.610156750126578]","[6167289319, 2841675045, 2181268848, 6167279406, 2181268846, 2841675049, 3367904405, 6167344497, 2181268830, 2181268836]","[2181268830, 2181268836]","[6167289319, 2841675045, 2181268848, 6167279406, 2181268846, 2841675049, 3367904405, 6167344497, 2181268830]"
22,2919,4405,0.09649761300000001,"(2919, 4405)",2181268826,30220444,"[2181268826, 2181275344, 2291073956, 3199584808, 244244659, 6645998429, 3933095113, 1691676459, 34157905, 30220444]",POINT (321188.0861825679 5813526.393651278),POINT (321195.0698620731 5813622.465368565),"[6.808580825093584, 8.013457761874632, 9.794988162195313, 13.874365403195176, 25.640586199324662, 57.30765416964055, 82.78931741433762, 92.0505289443587, 101.53783005985993, 100.28343653380601]","[102.86247991121527, 91.21548414576475, 89.29385923435996, 85.33087287317719, 73.50412700123888, 41.14487803449796, 17.128373437789286, 10.719544605008712, 10.11776420850245, 6.325893891250341]","[3199584808, 244244659, 6645998429, 3933095113, 1691676459, 34157905, 30220444]",[30220444],"[3199584808, 244244659, 6645998429, 3933095113, 1691676459, 34157905, 30220444]"
23,2920,2912,0.114934281,"(2920, 2912)",2181268836,26034662,"[2181268836, 2181275340, 2181275335, 2181268830, 6167289317, 2094319858, 6725414988, 1985557963, 26034662]",POINT (320975.1068381071 5813441.38284483),POINT (321016.6314525625 5813334.376633868),"[6.610156750126578, 10.665714515102803, 11.703703826247066, 8.14634729072062, 14.681143640056218, 25.086917416458743, 110.25831306683604, 114.54510252124713, 114.47947113010248]","[111.48262903286961, 123.93313519222481, 124.05980202827014, 111.6287802840668, 102.46019262676705, 91.12682782528985, 8.957760670980164, 7.612894757429449, 5.914321724414468]","[2181275340, 2181275335, 6167289317, 2094319858, 6725414988, 1985557963, 26034662]","[6725414988, 1985557963, 26034662]","[2181275340, 2181275335, 6167289317, 2094319858, 6725414988]"
24,2920,2919,0.228893428,"(2920, 2919)",2181268836,2181268826,"[2181268836, 2181275340, 2181275335, 6167344494, 2841675047, 2181275328, 2841675044, 3367904416, 2181275344, 767584383, 2291073957, 2181268826]",POINT (320975.1068381071 5813441.38284483),POINT (321188.0861825679 5813526.393651278),"[6.610156750126578, 10.665714515102803, 11.703703826247066, 16.565457380503872, 19.65050559747292, 141.8763626941802, 180.76665153679255, 215.42390750230825, 226.3593352427271, 238.95180902696595, 238.33168525603662, 224.7567748641586]","[235.01968805959135, 235.09608622600547, 222.0017807114833, 215.5615462978285, 211.99315111061156, 88.03373984481412, 49.32643879211545, 15.868333875113093, 8.013457761874632, 12.00061928390307, 10.261181473479056, 6.808580825093584]","[2181275340, 2181275335, 6167344494, 2841675047, 2181275328, 2841675044, 3367904416, 2181275344, 767584383, 2291073957, 2181268826]","[2181275344, 2181268826]","[2181275340, 2181275335, 6167344494, 2841675047, 2181275328, 2841675044, 3367904416, 2181275344]"
25,2920,2921,0.23164241600000002,"(2920, 2921)",2181268836,2187972536,"[2181268836, 6167344485, 2841675054, 2841675055, 3367904411, 2181268832, 2187770697, 2187770692, 2383211206, 2383211204, 2187972533, 2187972535, 2187972534, 2187972536]",POINT (320975.1068381071 5813441.38284483),POINT (320758.6691450855 5813357.623115908),"[6.610156750126578, 13.77181662857764, 16.386972902970413, 159.0525225222265, 218.1912292815675, 228.21545023374773, 231.49853227210062, 234.5888029924707, 235.4983553393247, 235.96164154718795, 233.1410194289847, 229.7391275910318, 229.70280969217404, 233.1089190753693]","[226.4652152798388, 218.76244754341585, 216.07651551394167, 73.18592491953201, 14.52842614903744, 5.786230343962809, 4.330343277391423, 4.9891049534447465, 3.4282951745405086, 5.083770475791433, 3.4738237937808893, 4.07803595730202, 2.3854721321314063, 1.0454798543580157]","[6167344485, 2841675054, 2841675055, 3367904411, 2181268832, 2187770697, 2187770692, 2383211206, 2383211204, 2187972533, 2187972535, 2187972534, 2187972536]","[2181268832, 2187770697, 2187770692, 2383211206, 2383211204, 2187972533, 2187972535, 2187972534, 2187972536]","[6167344485, 2841675054, 2841675055, 3367904411, 2181268832]"
26,2920,4404,0.215844012,"(2920, 4404)",2181268836,30287319,"[2181268836, 2181275340, 6167289300, 6207229686, 319157074, 1985557914, 700884384, 6775928316, 3933094373, 6167344503, 1985557960, 1985549822, 30287319]",POINT (320975.1068381071 5813441.38284483),POINT (320930.7035681166 5813652.239605295),"[6.610156750126578, 10.665714515102803, 16.198452244508353, 65.9109142402066, 127.9338646280455, 138.9418423275987, 146.31890396403742, 158.46365149689282, 203.55141818085403, 205.01462709625298, 213.14864530114033, 223.31312186425154, 221.37061337254073]","[219.84795374449513, 207.62031419908516, 201.66467487589756, 152.62614612987988, 94.43630269418576, 84.55227796813095, 77.33008675679999, 63.8805971063814, 16.58808072485412, 15.213625345738835, 8.763142367356384, 9.114975054683118, 5.953257640115186]","[2181275340, 6167289300, 6207229686, 319157074, 1985557914, 700884384, 6775928316, 3933094373, 6167344503, 1985557960, 1985549822, 30287319]","[1985557960, 1985549822, 30287319]","[2181275340, 6167289300, 6207229686, 319157074, 1985557914, 700884384, 6775928316, 3933094373, 6167344503, 1985557960]"
27,2921,2920,0.23164241600000002,"(2921, 2920)",2187972536,2181268836,"[2187972536, 2187972533, 2383211198, 2383211194, 2383211191, 6167266595, 2841675059, 2841675058, 2181275331, 2181275337, 2841675052, 3367904414, 6167344488, 2181275340, 2181275335, 2181268830, 2181268836]",POINT (320758.6691450855 5813357.623115908),POINT (320975.1068381071 5813441.38284483),"[1.0454798543580157, 3.4738237937808893, 6.858291844904246, 7.46001997332201, 9.430086830624875, 16.013129216956788, 18.205787620750943, 49.53524489133426, 53.4974137928605, 97.68810569126545, 191.62494937930657, 216.9102118674222, 218.77584299421, 226.56168356468265, 239.65487997936512, 239.51072590740498, 226.4652152798388]","[233.1089190753693, 233.1410194289847, 233.22636818483082, 229.78094611028226, 226.11060951472814, 218.08219336360835, 215.69575615381916, 183.44541827191654, 179.45176434839001, 135.0434561809794, 41.625872707497656, 17.791013089641087, 16.211886609395915, 10.665714515102803, 11.703703826247066, 8.14634729072062, 6.610156750126578]","[6167266595, 2841675059, 2841675058, 2181275331, 2181275337, 2841675052, 3367904414, 6167344488, 2181275340, 2181275335, 2181268830, 2181268836]","[2181268830, 2181268836]","[6167266595, 2841675059, 2841675058, 2181275331, 2181275337, 2841675052, 3367904414, 6167344488, 2181275340, 2181275335, 2181268830]"
28,2921,2922,0.23115506600000002,"(2921, 2922)",2187972536,2190561002,"[2187972536, 2383211206, 6167266623, 2190625303, 2190624240, 6167441038, 4326586190, 2190560996, 2190561002]",POINT (320758.6691450855 5813357.623115908),POINT (320543.2306354875 5813272.658030137),"[1.0454798543580157, 3.4282951745405086, 12.601811033948922, 17.877868397205738, 211.9967987308857, 219.32934086832046, 224.86056190473505, 229.49940187895703, 232.73379193707777]","[230.55969033434246, 228.17094241877052, 219.00166278869415, 213.72912897081065, 19.648112949472374, 12.349395511866202, 6.892053176215716, 2.5742903259571146, 1.8928977050426317]","[6167266623, 2190625303, 2190624240, 6167441038, 4326586190, 2190560996, 2190561002]","[4326586190, 2190560996, 2190561002]","[6167266623, 2190625303, 2190624240, 6167441038, 4326586190]"
29,2921,4523,0.25214417,"(2921, 4523)",2187972536,2183290174,"[2187972536, 2187972533, 2383211198, 2383211193, 6167289293, 2190625304, 3924911394, 6167266641, 2183290188, 2183290174]",POINT (320758.6691450855 5813357.623115908),POINT (320666.5363370565 5813591.973577544),"[1.0454798543580157, 3.4738237937808893, 6.858291844904246, 9.8124187069534, 13.131555680489924, 19.83132554448294, 207.27717967439912, 236.6266108306778, 243.89385370761912, 258.77200024832945]","[251.62340154037696, 248.49204864608367, 245.02950655111783, 242.05181253981044, 238.71905814020008, 232.00580709714336, 44.53739262996929, 15.189397889734508, 7.929250670279133, 6.965490769260692]","[6167289293, 2190625304, 3924911394, 6167266641, 2183290188, 2183290174]","[2183290188, 2183290174]","[6167289293, 2190625304, 3924911394, 6167266641, 2183290188]"
30,2922,2921,0.23115506600000002,"(2922, 2921)",2190561002,2187972536,"[2190561002, 2190560995, 2190560997, 4326586189, 6167441037, 2190625294, 6167266625, 2383211205, 2383211204, 2187972533, 2187972535, 2187972534, 2187972536]",POINT (320543.2306354875 5813272.658030137),POINT (320758.6691450855 5813357.623115908),"[1.8928977050426317, 4.347408803817347, 4.542172687502852, 7.894872991306114, 12.941600646441213, 213.65613581319064, 219.1986211940564, 224.31551426072105, 227.7745375872864, 230.5950125766592, 233.99678423763183, 233.96585536293176, 230.55969033434246]","[232.73379193707777, 232.95920388760538, 229.72512987781005, 224.88650806110124, 219.34755790823755, 18.273526706977837, 12.863441193687189, 8.027779886308746, 5.083770475791433, 3.4738237937808893, 4.07803595730202, 2.3854721321314063, 1.0454798543580157]","[6167441037, 2190625294, 6167266625, 2383211205, 2383211204, 2187972533, 2187972535, 2187972534, 2187972536]","[2383211205, 2383211204, 2187972533, 2187972535, 2187972534, 2187972536]","[6167441037, 2190625294, 6167266625, 2383211205]"
31,2922,2914,0.11612908,"(2922, 2914)",2190561002,4326586198,"[2190561002, 2190560995, 2190560997, 2190560996, 4326586193, 4326586195, 6167289286, 2713724594, 6167441045, 4326586197, 6167441050, 3481124175, 3481124174, 6167441051, 4326586198]",POINT (320543.2306354875 5813272.658030137),POINT (320585.2247023057 5813164.553743086),"[1.8928977050426317, 4.347408803817347, 4.542172687502852, 2.5742903259571146, 4.190526823666782, 5.269151399108506, 14.445044413425352, 103.53993760877495, 110.08558432323099, 116.5824941765374, 121.58549176517985, 191.11414656858057, 177.8295387269392, 121.62861482772638, 116.59840570750714]","[117.48417637298914, 120.11245031166611, 120.12459915881483, 117.50218219140073, 112.3408490445879, 111.13854773681305, 101.68719960975673, 12.531310521165398, 6.0813153253364725, 1.6296544674766047, 5.800539703977095, 75.15041156460464, 61.860839085307205, 5.760264747598348, 1.2833776962927435]","[6167289286, 2713724594, 6167441045, 4326586197, 6167441050, 3481124175, 3481124174, 6167441051, 4326586198]","[6167441045, 4326586197, 6167441050, 6167441051, 4326586198]","[6167289286, 2713724594, 6167441045]"
32,2935,2903,0.11964760599999999,"(2935, 2903)",4544002876,595594352,"[4544002876, 6806701819, 4544002877, 245537592, 6206871443, 4544002875, 245537608, 6696274748, 4544002874, 3367904418, 6167344379, 26034669, 1985557923, 1985557927, 595594352]",POINT (320947.2864683419 5813181.881760975),POINT (321058.8980110845 5813225.610104473),"[6.382851689133638, 9.21200681871981, 26.485229030638784, 26.585562189542625, 10.345107788232916, 7.277499696594311, 22.41784883232348, 46.063196315285595, 85.2252563708148, 102.76855292508917, 107.07584556219447, 113.86484642632628, 127.79631009544863, 127.72458986115686, 113.75320148592729]","[116.28726677640464, 127.46457442520945, 145.85215823134527, 145.89464507497004, 128.38297227532158, 116.463246226468, 98.57090276564256, 74.51431664268158, 35.449139770517625, 18.412769219516754, 14.435526500202961, 8.834999179752712, 10.066960691136359, 9.432475094880672, 8.172887879934889]","[4544002877, 245537592, 6206871443, 245537608, 6696274748, 4544002874, 3367904418, 6167344379, 26034669, 1985557923, 1985557927, 595594352]","[26034669, 1985557927, 595594352]","[4544002877, 245537592, 6206871443, 245537608, 6696274748, 4544002874, 3367904418, 6167344379, 26034669]"
33,2935,2904,0.11159698800000001,"(2935, 2904)",4544002876,2187770696,"[4544002876, 6806701819, 4544002877, 595594355, 6167265883, 1838361787, 2187770691, 2187770696]",POINT (320947.2864683419 5813181.881760975),POINT (320843.1866468274 5813141.090960866),"[6.382851689133638, 9.21200681871981, 26.485229030638784, 54.87030173019579, 99.97745179938607, 106.45013226095547, 109.72550570730633, 111.39408687240244]","[115.62423235015096, 104.46560690278258, 86.12376418013658, 57.411899126881416, 13.015909000652975, 7.507837196492336, 5.57536941302394, 5.152019998252976]","[4544002877, 595594355, 6167265883, 1838361787, 2187770691, 2187770696]","[1838361787, 2187770691, 2187770696]","[4544002877, 595594355, 6167265883, 1838361787]"
34,4389,4403,0.130681979,"(4389, 4403)",1492410163,1725216895,"[1492410163, 1492410147, 7320816679, 317535746, 3933086388, 7212956645, 33675682, 1725216871, 1725216922, 1725216895]",POINT (320669.7757476456 5813681.747385157),POINT (320799.9305979331 5813667.043290264),"[8.30847431218721, 10.519071757902237, 15.335733479535675, 42.75892736829282, 116.57613299652841, 117.6065823703769, 127.26975679439558, 138.2547578922365, 137.88585293417466, 127.24210418783986]","[131.67244664421253, 124.50783984135917, 118.13212576024016, 89.16065213490806, 16.066966195374416, 15.126697858665144, 7.637102685225516, 9.708113958260045, 8.497471062510035, 6.469450841077754]","[1492410147, 7320816679, 317535746, 3933086388, 7212956645, 33675682, 1725216871, 1725216922, 1725216895]","[33675682, 1725216871, 1725216922, 1725216895]","[1492410147, 7320816679, 317535746, 3933086388, 7212956645, 33675682]"
35,4389,4523,0.089994782,"(4389, 4523)",1492410163,2183290174,"[1492410163, 6125904522, 1837192186, 2183290163, 2183290165, 2183290177, 2183290172, 2183290179, 2183290174]",POINT (320669.7757476456 5813681.747385157),POINT (320666.5363370565 5813591.973577544),"[8.30847431218721, 13.376563646871752, 58.262223056995545, 66.55147008673728, 72.79605681355623, 81.62511585083782, 82.21549873780428, 83.17542297559434, 83.60056168816014]","[98.1383513522875, 76.49659379338726, 31.847730404235605, 23.473993337248746, 17.09530057722618, 8.336375444404764, 7.616757284668193, 7.002130738190789, 6.965490769260692]","[6125904522, 1837192186, 2183290163, 2183290165, 2183290177, 2183290172, 2183290179, 2183290174]","[2183290177, 2183290172, 2183290179, 2183290174]","[6125904522, 1837192186, 2183290163, 2183290165, 2183290177]"
36,4399,1036,0.131795752,"(4399, 1036)",1985549834,767737803,"[1985549834, 1985549836, 30943325, 471341054, 319157881, 3933097953, 30287383, 30943326, 767737811, 767737803]",POINT (320957.3764310682 5813883.627817752),POINT (321088.5262761708 5813867.830488794),"[7.7054117807109535, 8.695390553137239, 8.839120126566444, 59.702720965521316, 92.58736657457948, 116.80344518195419, 125.95204188722549, 140.02099356429667, 140.30733153938553, 126.0502494718773]","[138.4865901847512, 138.5706434174755, 125.79273964898736, 72.99687617639572, 40.39444179442116, 16.901246082472333, 9.179100454922628, 10.428997325416173, 8.84303301798712, 7.073009608641731]","[471341054, 319157881, 3933097953, 30287383, 30943326, 767737811, 767737803]","[30287383, 767737811, 767737803]","[471341054, 319157881, 3933097953, 30287383]"
37,4399,4404,0.23332773899999998,"(4399, 4404)",1985549834,30287319,"[1985549834, 1985549836, 30943325, 1985551132, 6956101981, 1985551131, 2707985442, 6206967737, 6775928317, 3933094374, 6167344510, 1985551133, 1833110319, 1985557960, 1985549822, 30287319]",POINT (320957.3764310682 5813883.627817752),POINT (320930.7035681166 5813652.239605295),"[7.7054117807109535, 8.695390553137239, 8.839120126566444, 7.808283270035806, 39.38089703658259, 68.6048578854879, 120.70987289487759, 136.5228017266907, 206.99317404954968, 218.1169043504037, 219.64034659931556, 227.17952279996874, 238.014617274738, 238.05895667930523, 227.15048563807045, 227.05894522969356]","[228.63057277598264, 238.98168521531483, 239.01875933757054, 228.65976682742942, 194.2275869697927, 164.80388356400425, 112.59827238614511, 96.79097607881755, 26.81769846096456, 16.22428548912783, 14.835235321816496, 8.657203497860182, 8.405354989974494, 8.763142367356384, 9.114975054683118, 5.953257640115186]","[6956101981, 1985551131, 2707985442, 6206967737, 6775928317, 3933094374, 6167344510, 1985551133, 1833110319, 1985557960, 1985549822, 30287319]","[1985551133, 1833110319, 1985557960, 1985549822, 30287319]","[6956101981, 1985551131, 2707985442, 6206967737, 6775928317, 3933094374, 6167344510, 1985551133]"
38,4399,4413,0.201775046,"(4399, 4413)",1985549834,3208518282,"[1985549834, 1985549836, 1985549838, 1985549820, 1985549832, 2005895268, 6775928320, 6956035971, 6209516580, 2005895266, 6209516581, 30287405, 955611523, 30287316, 6956035970, 3208518282]",POINT (320957.3764310682 5813883.627817752),POINT (320980.3276278075 5814083.738588335),"[7.7054117807109535, 8.695390553137239, 57.424233314764884, 146.43021560440602, 158.26679464688482, 166.95733363866304, 189.63889501502769, 208.41442872546764, 225.09979560018198, 232.13142244255639, 238.90482531785713, 238.74417106232195, 232.4259375853085, 225.202215135093, 208.3028918930186, 197.30042104719402]","[205.8945905369024, 195.54312590561923, 144.48473209470296, 55.41729166276992, 43.64871435611973, 35.04313704795197, 13.16330023421747, 8.912467203646314, 24.268662622650442, 31.139889508108393, 37.82869355903797, 37.82868825568859, 31.62554054733605, 24.609054686304393, 9.514485196505307, 7.930029101582629]","[1985549838, 1985549820, 1985549832, 2005895268, 6775928320, 6956035971, 6209516580, 2005895266, 6209516581, 30287405, 955611523, 30287316, 6956035970, 3208518282]","[6956035971, 6956035970, 3208518282]","[1985549838, 1985549820, 1985549832, 2005895268, 6775928320, 6956035971]"
39,4400,1036,0.133202754,"(4400, 1036)",3199635545,767737803,"[3199635545, 1865096363, 767670317, 767671059, 2384091371, 3933097951, 767737811, 767737803]",POINT (321221.0865977218 5813851.950740562),POINT (321088.5262761708 5813867.830488794),"[3.6662653505957383, 4.154238191632795, 9.607849823548575, 57.930950410712136, 79.96784568446238, 114.19086944638083, 125.38757251016133, 139.65477052160375]","[136.7750508777218, 136.81114433462756, 124.29293012026214, 75.70402544898192, 53.67929363990406, 19.651763091079467, 8.84303301798712, 7.073009608641731]","[767671059, 2384091371, 3933097951, 767737811, 767737803]","[767737811, 767737803]","[767671059, 2384091371, 3933097951, 767737811]"
40,4400,4405,0.231359893,"(4400, 4405)",3199635545,30220444,"[3199635545, 1865096363, 2766300603, 3933095118, 30220444]",POINT (321221.0865977218 5813851.950740562),POINT (321195.0698620731 5813622.465368565),"[3.6662653505957383, 4.154238191632795, 166.7713881413779, 215.08218817647457, 226.97615337365303]","[232.64173326699887, 228.4077317139996, 64.39657732158402, 16.63194851006987, 6.325893891250341]","[2766300603, 3933095118, 30220444]",[30220444],"[2766300603, 3933095118, 30220444]"
41,4403,4404,0.131306058,"(4403, 4404)",1725216895,30287319,"[1725216895, 33675682, 1725216871, 7212956641, 291210710, 3933094370, 6167344508, 1985549822, 30287319]",POINT (320799.9305979331 5813667.043290264),POINT (320930.7035681166 5813652.239605295),"[6.469450841077754, 7.637102685225516, 9.708113958260045, 14.850235452758744, 67.01931470263303, 115.65460491294237, 118.04300971200077, 124.79192754952076, 130.7240130492456]","[135.55394872969498, 135.65220149013177, 124.67086143151212, 118.46876782789009, 65.17953061285087, 17.167043594086536, 14.940779429591505, 9.114975054683118, 5.953257640115186]","[7212956641, 291210710, 3933094370, 6167344508, 1985549822, 30287319]","[1985549822, 30287319]","[7212956641, 291210710, 3933094370, 6167344508, 1985549822]"
42,4403,4389,0.130681979,"(4403, 4389)",1725216895,1492410163,"[1725216895, 7212956644, 3345190173, 3933086389, 7320816678, 2183271188, 2183271187, 1492410214, 1492410198, 1492410163]",POINT (320799.9305979331 5813667.043290264),POINT (320669.7757476456 5813681.747385157),"[6.469450841077754, 14.675104038226685, 83.12089954310571, 114.97531624855557, 118.09803014140603, 124.62675426689655, 139.3997932617318, 139.90479172712355, 134.83593748029284, 131.67244664421253]","[127.24210418783986, 117.42640321077546, 48.487594924513544, 17.364918990163524, 14.499364026433927, 9.094975611696427, 10.517350503664066, 11.950113237206342, 9.03132758869568, 8.30847431218721]","[7212956644, 3345190173, 3933086389, 7320816678, 2183271188, 2183271187, 1492410214, 1492410198, 1492410163]","[2183271188, 1492410198, 1492410163]","[7212956644, 3345190173, 3933086389, 7320816678, 2183271188]"
43,4404,4399,0.23332773899999998,"(4404, 4399)",30287319,1985549834,"[30287319, 1985551133, 1833110319, 1985557960, 1985549822, 6167344511, 291210712, 319157894, 6775928318, 3933090381, 1985549834]",POINT (320930.7035681166 5813652.239605295),POINT (320957.3764310682 5813883.627817752),"[5.953257640115186, 8.657203497860182, 8.405354989974494, 8.763142367356384, 9.114975054683118, 14.97341620053953, 96.67500544161146, 164.67718103506976, 207.17905618310203, 219.89257259165714, 228.63057277598264]","[227.05894522969356, 227.17952279996874, 238.014617274738, 238.05895667930523, 227.15048563807045, 219.7681975232215, 136.65371701929982, 68.6799510571988, 26.620205158891288, 14.58321753457176, 7.7054117807109535]","[6167344511, 291210712, 319157894, 6775928318, 3933090381, 1985549834]",[1985549834],"[6167344511, 291210712, 319157894, 6775928318, 3933090381, 1985549834]"
44,4404,4403,0.131306058,"(4404, 4403)",30287319,1725216895,"[30287319, 1985551133, 1833110319, 1985557960, 6167344507, 3933086391, 7212956640, 1725216922, 1725216895]",POINT (320930.7035681166 5813652.239605295),POINT (320799.9305979331 5813667.043290264),"[5.953257640115186, 8.657203497860182, 8.405354989974494, 8.763142367356384, 14.613926794332446, 113.44381091193958, 118.50207861530521, 124.90116991218538, 135.55394872969498]","[130.7240130492456, 138.14156026200445, 138.44653405459326, 124.52342790592354, 117.98865087694124, 18.95585886864729, 14.147995873574692, 8.497471062510035, 6.469450841077754]","[6167344507, 3933086391, 7212956640, 1725216922, 1725216895]","[1725216922, 1725216895]","[6167344507, 3933086391, 7212956640, 1725216922]"
45,4404,2920,0.215844012,"(4404, 2920)",30287319,2181268836,"[30287319, 1985551133, 1833110319, 6167344504, 1985557941, 1985557915, 1985557917, 6207229685, 3937113657, 3367904399, 6167289301, 2181275335, 2181268830, 2181268836]",POINT (320930.7035681166 5813652.239605295),POINT (320975.1068381071 5813441.38284483),"[5.953257640115186, 8.657203497860182, 8.405354989974494, 15.060026856237542, 72.90581480904953, 78.55061911928928, 89.02759990879501, 149.1973265415371, 183.74336018143308, 195.88806587062297, 198.74024379193875, 205.42667244064737, 217.77738941471347, 219.84795374449513]","[221.37061337254073, 219.12827275750212, 208.6557535818131, 200.6367427641163, 144.7275129101484, 139.17726083743062, 128.0772962506405, 66.39536180361893, 31.84129290811012, 20.11015142702949, 17.48132133104684, 11.703703826247066, 8.14634729072062, 6.610156750126578]","[6167344504, 1985557941, 1985557915, 1985557917, 6207229685, 3937113657, 3367904399, 6167289301, 2181275335, 2181268830, 2181268836]","[2181268830, 2181268836]","[6167344504, 1985557941, 1985557915, 1985557917, 6207229685, 3937113657, 3367904399, 6167289301, 2181275335, 2181268830]"
46,4404,4405,0.26542695899999996,"(4404, 4405)",30287319,30220444,"[30287319, 1985551133, 6167344506, 319157174, 30287324, 30287325, 319157897, 7228225131, 3933095115, 34157905, 30220444]",POINT (320930.7035681166 5813652.239605295),POINT (321195.0698620731 5813622.465368565),"[5.953257640115186, 8.657203497860182, 15.051833327346271, 71.28985095815672, 127.00525031107144, 142.08252707313483, 195.15935015537818, 211.43046558766056, 248.93576197957182, 256.9979567521148, 270.9453064299959]","[267.1146274706787, 259.6886707944899, 252.20187818303089, 195.03079971979935, 139.22842701595678, 124.18048728305102, 71.1518720864573, 54.907542397089145, 17.744838113641606, 10.11776420850245, 6.325893891250341]","[6167344506, 319157174, 30287324, 30287325, 319157897, 7228225131, 3933095115, 34157905, 30220444]",[30220444],"[6167344506, 319157174, 30287324, 30287325, 319157897, 7228225131, 3933095115, 34157905, 30220444]"
47,4405,2918,0.16399665300000002,"(4405, 2918)",30220444,277089909,"[30220444, 1691676471, 6845698307, 251859846, 767584383, 6167289323, 2841675040, 2181275336, 3933095111, 1691676483, 277089910, 277089909]",POINT (321195.0698620731 5813622.465368565),POINT (321358.419494647 5813604.144453418),"[6.325893891250341, 7.226227282396073, 49.717791401284806, 79.47628297030323, 85.76213833906584, 83.19119592644876, 82.66291230199714, 102.82557300025255, 136.9738730390286, 147.37563003580476, 150.76907368472314, 162.7622524955833]","[159.545086412142, 159.9082846674358, 166.49773001944214, 177.01427912309018, 177.5070898360792, 169.7742482929524, 167.9158218705228, 80.46922262476858, 33.62358882050079, 20.9118730164387, 16.883966197330597, 3.687678694489808]","[6845698307, 251859846, 767584383, 6167289323, 2841675040, 2181275336, 3933095111, 1691676483, 277089910, 277089909]",[277089909],"[6845698307, 251859846, 767584383, 6167289323, 2841675040, 2181275336, 3933095111, 1691676483, 277089910, 277089909]"
48,4405,2919,0.09649761300000001,"(4405, 2919)",30220444,2181268826,"[30220444, 1691676471, 6845698307, 251859846, 767584383, 2291073957, 2181268826]",POINT (321195.0698620731 5813622.465368565),POINT (321188.0861825679 5813526.393651278),"[6.325893891250341, 7.226227282396073, 49.717791401284806, 79.47628297030323, 85.76213833906584, 97.44593284363674, 102.86247991121527]","[100.28343653380601, 90.65224679644373, 46.85358860255403, 17.16608967313231, 12.00061928390307, 10.261181473479056, 6.808580825093584]","[6845698307, 251859846, 767584383, 2291073957, 2181268826]",[2181268826],"[6845698307, 251859846, 767584383, 2291073957, 2181268826]"
49,4405,4400,0.231359893,"(4405, 4400)",30220444,3199635545,"[30220444, 1691676471, 1691676459, 34157905, 2766300604, 3933098057, 767670317, 34160610, 30943327, 3199635545]",POINT (321195.0698620731 5813622.465368565),POINT (321221.0865977218 5813851.950740562),"[6.325893891250341, 7.226227282396073, 10.719544605008712, 10.11776420850245, 64.47708749938361, 221.57359234922657, 228.57849688291773, 238.58087601324644, 238.4218537888609, 232.64173326699887]","[226.97615337365303, 236.596841772046, 236.30158814666362, 226.677623838565, 167.37622544477082, 13.314530743738974, 9.607849823548575, 11.905401232434754, 8.132606389198667, 3.6662653505957383]","[1691676459, 34157905, 2766300604, 3933098057, 767670317, 34160610, 30943327, 3199635545]","[767670317, 30943327, 3199635545]","[1691676459, 34157905, 2766300604, 3933098057, 767670317]"
50,4405,4404,0.26542695899999996,"(4405, 4404)",30220444,30287319,"[30220444, 1691676471, 1691676459, 3199584806, 6207227908, 2615827667, 2384091373, 2384091372, 6725414394, 3208518304, 3933094371, 6167344505, 1833110319, 1985557960, 1985549822, 30287319]",POINT (321195.0698620731 5813622.465368565),POINT (320930.7035681166 5813652.239605295),"[6.325893891250341, 7.226227282396073, 10.719544605008712, 51.80624480500427, 71.38720126736119, 90.97570731370858, 124.27238903174529, 138.7176596600823, 153.71126219105597, 194.9498791423945, 249.55102698966994, 251.85236684986177, 259.3414538438897, 273.27230873303097, 273.0533636872993, 267.1146274706787]","[270.9453064299959, 270.6619423718065, 256.6892910750615, 214.60569673420875, 194.90290776644136, 175.28218966932786, 141.9457130783818, 127.52181031564682, 112.52966446486313, 71.3323619975916, 17.281695163554698, 15.092657600301916, 8.405354989974494, 8.763142367356384, 9.114975054683118, 5.953257640115186]","[1691676459, 3199584806, 6207227908, 2615827667, 2384091373, 2384091372, 6725414394, 3208518304, 3933094371, 6167344505, 1833110319, 1985557960, 1985549822, 30287319]","[1833110319, 1985557960, 1985549822, 30287319]","[1691676459, 3199584806, 6207227908, 2615827667, 2384091373, 2384091372, 6725414394, 3208518304, 3933094371, 6167344505, 1833110319]"
51,4413,4399,0.201775046,"(4413, 4399)",3208518282,1985549834,"[3208518282, 955611524, 1985546057, 137182984, 471341019, 477075428, 6775928319, 3933090382, 30943325, 1985551132, 1985549834]",POINT (320980.3276278075 5814083.738588335),POINT (320957.3764310682 5813883.627817752),"[7.930029101582629, 34.41070937187023, 43.836330639395854, 55.49240240207927, 84.21597926219098, 144.53416603718944, 164.54286352698603, 186.67785529633886, 195.52351097144262, 205.88097189117894, 205.8945905369024]","[197.30042104719402, 167.79132389898555, 158.22952643430088, 146.47642887955072, 117.6504640491527, 57.38167908567856, 37.578683683235774, 16.21388103100911, 8.839120126566444, 7.808283270035806, 7.7054117807109535]","[955611524, 1985546057, 137182984, 471341019, 477075428, 6775928319, 3933090382, 30943325, 1985551132, 1985549834]","[30943325, 1985551132, 1985549834]","[955611524, 1985546057, 137182984, 471341019, 477075428, 6775928319, 3933090382, 30943325]"
52,4523,2921,0.25214417,"(4523, 2921)",2183290174,2187972536,"[2183290174, 2183290179, 2183290172, 2183290186, 6167266642, 3924911395, 2187770689, 2190625301, 6167289295, 2383211192, 2383211194, 2187972535, 2187972534, 2187972536]",POINT (320666.5363370565 5813591.973577544),POINT (320758.6691450855 5813357.623115908),"[6.965490769260692, 7.002130738190789, 7.616757284668193, 8.516334178205566, 15.804141672876437, 88.70481445713422, 125.16958012379033, 231.57244500463204, 238.81153398337233, 242.6288742483934, 244.77482654771518, 248.51217761946592, 251.63292582034722, 251.62340154037696]","[258.77200024832945, 258.77335349772227, 258.8052276699703, 243.9180821313112, 236.34610456702273, 163.1782749713856, 126.701966085207, 20.396971269732532, 13.232018382133969, 9.501647376952704, 7.46001997332201, 4.07803595730202, 2.3854721321314063, 1.0454798543580157]","[6167266642, 3924911395, 2187770689, 2190625301, 6167289295, 2383211192, 2383211194, 2187972535, 2187972534, 2187972536]","[2383211192, 2383211194, 2187972535, 2187972534, 2187972536]","[6167266642, 3924911395, 2187770689, 2190625301, 6167289295, 2383211192]"
53,4523,4389,0.089994782,"(4523, 4389)",2183290174,1492410163,"[2183290174, 2183290179, 2183290181, 2183290170, 1837192184, 6125904523, 1492410198, 1492410163]",POINT (320666.5363370565 5813591.973577544),POINT (320669.7757476456 5813681.747385157),"[6.965490769260692, 7.002130738190789, 16.428058738360857, 23.220089516785404, 31.836744622732084, 76.81832543353097, 98.41067850273251, 98.1383513522875]","[83.60056168816014, 83.17542297559434, 74.345004155921, 67.8509369926162, 59.09771912403031, 13.773731700274308, 9.03132758869568, 8.30847431218721]","[2183290181, 2183290170, 1837192184, 6125904523, 1492410198, 1492410163]","[1492410198, 1492410163]","[2183290181, 2183290170, 1837192184, 6125904523, 1492410198]"
