Source,Sink,,0,1,2,3,4,5,6,7,8,9,10,11,12,13,14,15,16,17,18,19,20,21,22,23,24,25,26,27,28,29,30,31,32,33,34,35,36,37,38,39,40,41,42,43,44,45,46,47,48,49,50,51,52,53,54,55,56,57,58,59,60,61,62,63,64,65,66,67,68,69,70,71,72,73,74,75,76,77,78,79,80,81,82,83,84,85,86,87,88,89,90,91,92,93,94,95,96,97,98,99,100,101,102,103,104,105,106,107,108,109,110,111,112,113,114,115,116,117,118,119,120,121,122,123,124,125,126,127,128,129,130,131,132,133,134,135,136,137,138,139,140,141,142,143,144,145,146,147,148,149,150,151
1036,4399,0,7,21,13,56,53,61,70,65,21,19,70,78,95,90,78,22,16,89,90,78,74,83,26,14,58,12,78,93,93,30,14,106,85,82,90,103,29,16,97,107,103,80,114,41,21,71,100,102,88,102,25,21,94,86,97,114,83,37,16,109,110,99,103,98,30,13,99,110,93,92,77,26,8,17,76,81,83,90,34,23,110,94,104,104,16,20,9,8,81,86,76,78,28,15,100,102,87,96,86,29,14,84,88,107,104,88,26,23,88,114,96,85,94,27,16,18,50,43,40,58,29,22,69,49,52,56,77,28,12,78,106,105,103,95,21,17,81,83,71,88,80,39,16,69,76,81,82,78,29,14,81,68
1036,4400,1,5,18,8,56,56,46,63,45,13,14,66,66,66,54,53,11,4,58,74,72,63,85,28,10,47,17,80,69,84,2,0,82,79,74,72,67,22,12,77,82,83,70,55,23,18,70,83,70,63,73,30,14,77,53,80,66,67,36,11,66,68,49,49,80,34,14,61,66,89,80,75,21,12,19,71,57,61,74,29,20,67,72,57,70,14,20,8,11,79,80,81,75,24,19,71,73,71,71,69,36,16,71,80,78,62,91,33,17,70,93,92,82,87,29,14,23,64,30,67,55,33,13,83,77,86,65,72,29,19,91,77,95,82,62,35,12,66,76,74,69,34,38,20,81,81,70,66,65,34,10,58,82
4399,1036,2,6,16,6,56,55,50,76,53,17,11,75,75,83,79,55,12,6,62,89,80,90,89,35,11,66,14,88,72,99,1,0,99,99,86,72,95,29,9,97,98,92,73,62,27,18,78,96,81,74,77,36,17,88,73,93,92,77,30,13,77,88,77,76,86,38,13,79,74,87,89,98,26,12,21,83,77,99,87,32,20,80,72,87,81,17,16,13,12,87,90,95,84,35,15,82,73,86,93,84,40,17,90,87,70,73,85,28,15,84,103,105,79,88,31,14,18,99,71,82,94,40,16,91,101,106,89,88,29,24,89,96,105,97,80,36,11,80,96,87,84,71,37,17,93,86,100,89,87,37,9,93,95
4399,4404,3,27,32,39,140,165,186,182,161,31,30,215,231,134,214,196,44,33,223,247,241,263,220,56,26,168,24,218,274,230,57,54,267,188,239,237,216,56,47,275,167,249,231,212,62,43,238,247,254,255,247,35,54,245,247,188,261,224,51,36,249,234,234,239,234,65,17,233,249,248,248,218,57,25,51,237,270,249,246,53,47,188,262,238,232,28,37,28,32,217,232,240,200,47,43,230,250,207,240,227,47,33,248,244,267,274,177,56,40,231,227,251,284,215,50,27,32,185,271,290,234,47,57,255,251,250,264,262,47,48,283,247,272,254,248,55,45,245,253,266,228,266,63,27,259,246,258,268,263,150,97,166,259
4399,4413,4,17,20,21,48,56,61,66,53,36,15,52,74,67,62,65,9,22,70,63,63,72,82,42,17,63,18,85,65,64,56,33,63,60,67,80,70,44,33,59,80,64,79,77,30,14,83,59,80,65,79,34,26,79,67,63,90,64,34,18,81,74,80,64,78,40,33,77,74,67,79,61,36,23,30,78,83,64,77,30,35,75,101,65,87,22,36,27,22,59,52,61,64,31,21,76,62,63,77,69,49,29,63,75,90,76,71,44,19,65,57,72,78,96,25,19,26,69,92,83,74,46,18,71,66,66,70,105,33,28,82,93,86,73,93,38,23,80,61,83,65,87,20,12,64,68,72,70,81,38,20,65,71
4400,1036,5,6,17,11,36,34,38,38,44,17,9,50,42,52,48,57,10,14,52,54,48,52,48,20,12,41,11,42,38,55,15,5,46,40,51,52,64,19,10,51,62,61,39,73,31,15,38,53,55,45,59,20,15,50,43,53,66,53,37,15,72,73,65,62,64,26,7,62,77,68,42,45,27,9,15,51,54,51,59,25,14,63,75,60,60,11,16,9,4,50,60,49,50,27,10,68,59,47,58,50,26,8,44,47,58,47,56,25,17,59,59,46,44,44,25,10,16,43,45,38,52,16,13,51,46,46,55,49,23,5,45,45,58,48,67,18,10,44,50,42,43,47,28,11,44,38,42,49,46,27,8,43,36
4400,4405,6,24,55,36,232,235,228,265,235,51,41,299,224,319,301,307,66,44,319,297,368,314,311,68,53,278,42,286,370,304,57,23,339,231,313,282,326,74,47,288,384,271,286,324,89,52,319,261,249,294,319,92,46,307,318,357,297,283,89,48,274,311,321,343,336,85,61,308,314,287,270,271,58,43,68,343,252,340,315,99,82,337,304,314,255,50,58,34,33,285,288,316,274,66,41,321,271,284,303,283,83,57,321,247,329,252,305,81,47,263,323,255,262,319,88,25,41,217,206,213,289,91,57,341,287,315,282,260,79,49,264,260,303,291,280,85,58,264,247,265,328,324,79,54,285,256,273,304,293,91,48,346,314
2902,2903,7,37,58,43,194,209,194,213,207,67,51,261,262,265,264,283,82,41,276,287,282,275,254,62,50,244,51,285,310,277,86,56,277,279,263,281,294,66,55,302,274,291,290,292,101,74,283,307,305,287,283,73,44,264,282,271,272,276,0,0,309,302,296,302,300,86,53,286,274,268,260,288,83,50,63,293,320,309,312,88,90,322,291,260,319,52,69,42,52,306,291,296,288,68,40,251,267,260,277,305,97,76,317,297,281,278,117,30,24,145,126,280,301,291,70,59,50,288,295,259,293,88,49,292,265,289,280,304,85,68,289,249,310,302,275,69,54,284,287,306,282,269,77,51,295,318,294,246,296,78,61,312,134
2903,2902,8,29,29,27,141,130,131,122,106,41,42,140,134,169,120,126,45,36,150,150,165,157,136,62,44,132,33,155,153,155,45,46,136,142,141,172,163,55,36,151,158,160,166,151,78,75,152,182,155,169,165,61,14,150,151,155,173,171,12,6,177,166,193,160,158,45,51,169,193,188,162,161,58,29,41,169,161,164,177,64,67,160,173,183,183,37,45,37,30,172,140,156,170,53,47,156,158,170,134,175,66,47,157,163,196,172,169,55,38,150,162,169,182,172,68,43,78,168,157,166,156,56,38,143,170,158,169,148,66,41,163,177,172,157,158,43,47,166,163,144,176,150,64,58,150,173,164,153,152,53,56,143,177
2903,2912,9,20,36,23,59,93,83,104,95,36,30,109,81,103,90,101,45,38,107,113,95,97,100,43,42,78,31,88,118,110,54,37,112,107,116,116,113,47,41,98,99,112,123,110,55,11,126,114,108,135,105,50,81,128,103,112,111,111,16,7,131,124,109,125,116,57,37,104,119,96,129,184,49,30,41,129,110,132,115,55,56,124,113,102,113,28,40,36,48,103,81,156,122,51,39,120,108,126,103,102,50,42,129,111,100,102,100,46,34,135,103,141,124,122,53,26,45,123,114,124,178,72,40,119,128,131,136,124,53,35,101,198,111,113,128,88,36,132,190,108,120,116,31,22,104,111,95,104,106,45,31,200,104
2903,2935,10,60,43,33,158,155,166,173,163,55,59,159,200,174,170,188,74,46,196,192,199,185,160,38,52,167,66,195,202,189,34,59,178,149,169,195,206,65,53,122,166,181,172,178,91,81,174,200,205,196,205,62,5,202,185,184,201,198,3,0,194,211,181,206,188,76,47,204,182,201,163,207,77,47,50,195,184,189,156,72,89,194,193,184,180,59,29,41,49,205,194,148,179,29,21,180,156,209,201,193,23,67,208,197,187,185,186,25,41,192,172,177,196,193,69,56,71,205,189,182,178,42,46,185,174,173,197,212,25,67,185,200,198,205,184,61,44,183,188,167,189,195,65,53,189,64,201,161,186,36,54,189,196
2912,2903,11,31,43,40,193,194,184,220,179,50,32,221,238,225,231,215,60,33,232,233,251,259,226,49,36,215,51,224,243,232,62,55,253,227,227,243,240,59,48,246,220,255,241,222,74,38,230,239,231,238,247,68,95,248,254,245,255,238,2,0,239,241,221,230,249,67,42,250,263,249,244,267,73,41,50,239,241,230,240,63,75,240,239,258,226,37,43,32,43,246,234,210,234,59,37,228,228,235,230,235,63,24,262,230,246,252,238,63,51,230,259,244,242,259,66,49,44,241,242,257,246,77,56,242,216,244,232,249,63,75,250,258,252,256,249,55,48,257,241,245,233,246,61,34,247,233,255,233,252,64,45,236,254
2912,2911,12,3,9,3,17,29,25,24,18,2,5,28,41,36,42,26,6,5,31,35,36,40,31,4,4,21,5,37,42,38,10,5,34,30,36,30,30,5,2,39,21,32,42,29,6,219,41,31,44,38,36,11,9,34,35,41,35,44,31,16,34,45,30,33,29,12,4,28,30,32,43,37,8,4,12,27,36,26,35,6,4,38,33,57,43,4,3,0,3,28,36,78,34,7,7,45,33,38,29,35,4,3,33,41,30,35,42,8,10,36,34,44,21,37,12,3,8,27,45,42,49,9,5,27,33,38,37,22,6,4,37,36,23,25,31,9,2,46,32,38,37,83,7,2,39,29,46,34,35,9,4,22,35
2912,2920,13,19,35,24,60,75,70,92,67,41,25,76,54,72,72,76,36,39,75,93,62,70,85,44,40,66,28,69,80,68,49,32,86,72,97,83,92,52,36,74,89,82,97,72,52,14,90,76,92,93,84,50,86,92,74,85,86,90,19,15,89,86,90,93,89,61,42,87,99,78,96,89,50,30,42,101,82,97,96,45,61,88,91,82,88,33,32,41,48,77,56,68,96,45,39,81,87,81,91,82,47,41,93,86,74,79,82,50,42,84,77,97,66,78,44,30,42,82,90,94,89,71,40,81,86,96,84,96,51,33,77,73,85,97,93,37,35,96,91,80,78,90,31,22,78,79,73,88,77,41,31,88,81
2935,2903,14,41,52,37,171,154,150,140,146,61,57,178,178,193,165,189,62,69,199,180,183,207,211,81,60,162,46,207,178,208,74,45,181,158,204,214,192,79,61,203,199,201,205,213,102,76,197,218,210,228,190,60,14,208,209,207,204,215,10,2,213,189,203,100,17,21,56,213,235,196,204,213,57,17,72,130,203,162,52,75,47,199,202,228,224,57,64,52,45,214,221,197,192,71,48,207,165,210,166,205,93,56,222,192,235,243,187,85,52,202,203,199,217,210,74,49,111,183,200,220,189,75,41,189,198,188,205,179,70,60,202,210,201,200,184,62,45,202,210,199,225,202,79,70,212,219,223,200,190,81,67,213,226
2935,2904,15,83,92,61,202,262,231,226,155,109,67,275,275,286,288,256,102,65,285,279,280,290,267,92,65,266,154,243,277,288,144,59,279,230,301,293,305,85,72,314,255,352,299,305,115,84,290,305,314,310,300,76,37,293,296,277,276,291,23,6,295,287,276,279,314,131,73,280,297,281,298,304,113,66,65,291,339,301,288,81,100,294,329,271,273,62,87,49,56,321,320,299,300,103,85,284,283,281,325,327,98,94,291,289,265,287,289,124,54,310,288,281,293,322,124,68,79,282,275,289,313,113,56,308,287,302,270,334,78,98,287,296,332,325,276,105,71,278,306,315,293,289,89,53,257,314,313,253,290,99,76,335,286
2904,2905,16,54,54,43,197,189,198,200,198,72,61,242,262,232,262,249,73,45,271,269,246,270,230,55,56,239,66,259,253,259,89,66,256,237,280,257,274,81,70,270,237,283,290,260,90,65,277,301,305,273,265,70,3,247,288,266,265,282,15,11,297,279,269,283,270,100,53,273,274,273,259,280,82,49,56,265,278,267,263,87,97,272,293,241,302,63,77,56,59,275,279,274,282,71,53,243,259,258,272,280,91,65,272,263,249,260,251,86,56,269,264,250,278,289,77,66,81,256,277,251,268,90,56,283,244,276,251,288,64,83,276,270,291,294,260,72,65,263,276,292,270,251,67,54,273,296,293,229,265,73,63,294,256
2904,2913,17,1,0,5,13,18,16,16,20,10,3,30,27,23,17,26,6,5,31,28,3,26,10,2,1,12,1,18,24,6,5,1,28,28,20,27,24,5,6,35,28,23,34,21,1,6,30,18,15,13,10,8,5,27,25,20,27,16,5,4,40,29,21,20,19,3,6,26,44,33,19,10,2,2,11,18,30,17,8,1,6,22,27,37,25,5,2,2,0,12,13,21,19,4,2,21,36,10,24,17,6,6,42,36,40,28,26,4,3,28,44,26,31,11,5,0,3,17,32,27,21,1,0,19,18,27,13,14,4,0,16,21,21,20,14,1,2,23,23,29,17,20,2,2,20,23,23,8,11,3,5,17,15
2904,2935,18,39,62,36,138,136,115,131,110,58,60,142,142,156,146,167,33,59,161,166,171,177,131,37,52,111,17,175,160,174,32,44,84,123,140,176,61,72,62,153,155,136,156,83,75,67,155,139,166,159,167,24,4,168,165,164,178,182,5,0,157,165,164,141,187,60,60,178,176,184,171,175,57,38,65,103,171,177,168,76,63,146,157,183,168,39,60,45,48,169,187,101,170,68,49,139,93,151,156,88,66,49,174,79,167,183,170,27,41,151,167,182,180,182,52,52,87,178,155,189,136,66,27,156,179,168,176,157,41,59,164,179,173,184,168,41,43,190,121,145,182,175,20,58,140,64,178,159,159,74,65,190,182
2905,2904,19,50,66,40,177,187,187,164,175,74,62,209,206,232,206,204,67,69,226,202,203,218,231,79,72,202,66,233,199,233,92,55,201,173,234,248,221,77,71,234,219,238,218,234,106,77,208,238,236,228,223,66,23,227,232,227,233,237,8,2,221,225,225,207,231,87,74,239,266,251,254,193,81,50,69,230,246,226,222,82,90,206,245,252,243,54,69,56,60,230,257,157,210,86,54,218,232,231,214,243,98,57,241,229,247,263,242,97,47,224,224,255,244,243,96,48,122,223,252,265,236,90,45,228,245,221,250,217,95,78,230,237,244,241,225,77,48,254,254,217,247,238,93,68,225,241,252,212,234,84,76,248,253
2913,2904,20,46,46,12,29,96,53,56,47,47,19,65,60,78,54,41,39,22,79,76,45,32,62,40,6,50,83,57,53,64,55,11,67,51,54,81,50,20,21,72,76,77,55,58,39,6,56,55,35,69,63,35,51,89,61,39,57,64,27,8,60,67,55,34,62,65,33,48,80,62,130,52,37,16,22,51,75,56,43,15,14,55,98,69,89,7,11,4,5,55,61,43,46,45,22,67,40,40,81,71,28,16,44,67,52,56,59,44,9,69,63,62,38,48,38,13,2,33,55,75,52,48,5,65,57,69,49,68,24,19,81,70,69,70,44,52,8,50,84,57,87,45,27,7,37,52,71,43,40,54,21,82,62
2913,2912,21,2,9,6,32,43,33,49,32,15,5,50,36,48,27,33,4,10,37,39,36,46,35,7,5,43,5,46,42,31,12,9,43,39,49,25,40,11,4,37,45,35,47,44,12,4,44,35,50,48,47,17,12,40,48,50,51,48,38,24,40,54,55,40,39,18,9,37,39,50,55,40,15,7,9,45,29,34,40,7,16,54,44,48,46,13,8,10,8,38,55,50,48,10,14,46,45,46,52,54,12,10,50,62,33,48,46,14,14,46,54,52,44,47,15,6,12,41,46,43,46,22,8,51,51,54,44,32,14,12,35,44,30,36,52,10,9,38,39,44,48,42,10,6,43,40,35,32,37,13,8,40,36
2920,2912,22,33,45,39,192,213,205,232,188,42,29,248,253,260,246,222,57,33,269,257,234,276,235,50,40,215,45,235,252,249,61,51,240,255,233,277,234,67,52,254,192,242,237,231,70,43,254,234,256,234,262,59,102,231,260,240,235,229,12,10,255,254,241,261,239,68,44,259,268,239,249,264,75,38,46,256,268,225,255,63,69,259,251,264,218,40,36,27,36,243,245,219,248,57,43,260,246,210,262,243,59,22,232,251,262,273,231,61,49,256,238,265,256,230,62,50,49,232,254,267,222,77,55,260,229,252,237,229,62,78,255,266,283,300,240,57,41,267,267,265,189,258,62,30,272,246,276,248,264,66,43,264,260
2920,2919,23,15,20,20,73,68,76,68,64,36,17,80,87,86,84,91,31,28,95,99,76,83,79,38,21,74,22,77,80,95,36,17,75,100,86,88,86,33,20,72,79,96,83,84,37,21,89,43,92,84,73,31,31,88,74,69,98,83,78,54,98,76,87,76,81,37,25,84,100,72,65,89,33,16,29,93,98,89,86,49,37,77,96,90,88,23,18,22,19,79,86,77,75,43,26,72,78,74,86,77,25,28,94,104,85,70,84,34,30,92,87,60,79,81,24,18,25,90,71,80,81,43,26,63,88,73,95,71,34,24,74,78,79,82,77,37,31,78,90,69,72,77,39,22,101,75,99,87,77,36,32,76,88
2920,2921,24,32,62,33,57,159,188,78,52,68,41,77,129,170,211,10,48,9,49,36,32,156,137,82,60,179,58,55,24,198,100,49,210,199,40,162,135,26,55,29,115,166,170,203,43,67,177,122,142,196,220,87,97,24,166,136,171,36,67,74,18,199,56,177,36,113,12,62,170,195,194,187,82,45,35,25,203,105,126,63,89,145,44,211,124,40,43,46,47,190,202,182,184,109,63,200,31,190,190,19,91,51,163,223,194,181,137,100,54,186,207,164,174,163,108,15,58,194,43,217,219,131,64,199,9,197,198,159,88,55,32,181,183,213,156,107,8,155,180,115,201,163,91,45,202,219,184,201,178,92,9,209,174
2920,4404,25,37,70,49,172,199,176,203,188,86,48,200,200,210,225,215,97,78,214,226,192,213,212,107,69,189,55,221,217,207,122,66,222,183,227,213,206,129,73,209,205,208,226,207,119,60,196,218,221,220,203,117,119,237,215,229,221,199,84,61,223,216,203,239,247,109,82,201,205,219,213,220,113,64,93,225,217,210,214,139,102,219,223,233,251,70,82,66,73,219,199,213,219,103,93,231,238,207,234,219,136,71,218,221,233,236,225,120,87,237,220,224,229,238,91,66,72,199,239,245,228,127,87,224,214,233,208,244,112,76,232,208,213,213,233,110,83,246,224,231,211,224,89,61,204,208,205,202,202,109,59,203,229
2914,2913,26,5,7,4,36,46,31,33,34,13,5,46,41,52,52,38,0,4,43,46,42,48,42,5,7,37,11,40,49,35,13,5,37,46,48,33,43,3,4,44,47,49,43,50,6,3,44,41,54,54,51,12,6,48,44,45,48,48,51,22,39,46,45,44,43,0,6,42,41,41,58,46,9,3,7,41,36,33,46,0,5,48,42,62,46,8,5,5,3,39,48,43,48,12,12,40,43,43,61,44,7,10,45,45,39,54,34,9,8,40,51,57,41,53,11,5,10,45,49,52,56,19,11,47,54,47,44,26,8,12,39,35,22,36,57,11,6,38,38,44,44,40,10,5,44,43,41,39,40,14,10,36,43
2914,2922,27,22,23,17,50,40,38,39,39,35,21,42,20,37,47,46,35,19,40,44,35,47,40,26,31,45,19,55,39,45,28,30,35,45,40,56,36,31,31,43,42,38,47,44,37,24,48,50,14,41,49,41,36,48,47,50,42,47,62,39,39,38,50,53,43,32,29,53,52,44,36,48,23,20,23,43,37,47,48,30,29,40,41,40,38,18,24,27,24,43,41,42,58,44,22,42,42,40,49,46,44,26,54,36,45,39,50,14,30,48,43,37,51,51,27,22,26,33,43,45,55,46,31,39,46,39,42,44,25,31,41,37,41,39,45,37,30,41,37,38,33,44,39,26,43,47,42,45,49,39,26,44,50
2922,2921,28,33,45,25,130,123,131,147,35,15,22,129,28,78,153,26,24,33,212,204,182,121,176,7,29,155,57,152,2,36,54,30,144,164,180,171,161,25,29,159,120,159,142,173,76,33,41,26,184,186,45,72,57,179,33,119,58,27,28,55,162,35,168,176,46,70,43,38,172,147,34,180,51,10,54,156,153,147,166,55,45,21,163,173,167,26,31,19,38,31,160,137,69,45,35,144,139,114,139,139,78,32,19,44,175,164,153,71,31,65,149,139,23,13,80,34,48,158,9,146,19,100,40,131,152,143,34,147,25,43,138,163,165,126,152,79,37,175,152,142,144,134,70,31,142,161,173,43,162,47,8,153,181
2922,2914,29,31,38,33,78,86,79,95,80,43,38,107,112,126,110,113,41,32,95,106,110,116,103,40,52,95,34,113,112,100,58,36,87,98,100,106,107,43,36,114,97,87,103,116,57,33,88,122,112,95,102,21,55,95,119,107,95,83,69,47,97,102,107,108,98,54,37,91,100,104,99,102,10,47,46,106,107,111,107,12,55,90,111,122,107,27,36,31,35,102,105,129,103,44,27,98,104,87,109,91,47,44,92,96,98,104,118,55,44,116,92,103,100,95,40,30,31,94,115,111,99,56,44,108,106,89,90,109,52,72,97,96,96,108,102,53,44,102,121,96,120,88,57,38,99,96,96,100,102,66,39,110,101
2918,2919,30,10,23,21,110,92,99,116,114,34,23,117,91,103,118,89,36,26,121,120,139,119,101,47,25,126,25,131,99,108,44,28,117,136,105,109,105,50,36,115,129,73,90,122,54,41,114,67,83,113,124,42,33,100,91,103,112,96,64,31,98,118,129,114,100,50,34,116,109,123,93,111,40,26,41,122,130,109,114,58,46,108,107,116,96,25,29,22,29,137,122,126,122,55,40,134,130,99,102,88,47,33,126,98,122,95,104,61,24,107,139,79,120,111,39,38,32,107,113,115,103,58,42,117,116,129,119,91,46,39,118,117,106,97,107,38,31,73,103,69,133,115,47,31,126,114,111,104,110,35,29,117,108
2918,4405,31,37,69,58,204,212,198,232,234,102,80,251,268,271,295,169,70,30,171,193,177,181,181,56,33,144,39,190,190,203,69,18,195,211,148,194,207,159,76,284,308,303,293,306,134,97,276,335,301,293,297,136,85,251,238,256,253,292,147,96,340,288,308,295,325,146,98,252,297,297,295,318,129,81,101,318,319,362,288,155,197,310,301,283,341,75,99,70,48,250,279,288,256,137,105,279,324,280,278,322,144,102,319,272,284,326,298,141,94,312,266,339,255,280,156,83,66,277,308,301,266,153,97,279,298,310,296,247,153,68,273,292,330,344,307,153,87,265,286,321,306,285,174,80,283,268,301,208,289,159,80,282,296
2919,2911,32,18,26,15,131,157,144,149,138,38,24,167,129,179,168,170,56,33,163,156,159,169,163,40,27,145,35,175,176,162,42,24,167,132,178,139,178,44,22,169,191,155,144,170,52,34,165,165,143,165,161,36,34,168,170,180,157,172,54,47,154,156,161,179,197,56,42,149,157,160,158,149,43,24,45,171,138,175,157,52,38,168,148,161,146,35,33,20,24,150,161,163,155,49,36,169,146,163,167,159,54,29,163,138,184,143,170,42,37,149,172,156,148,157,42,19,30,126,119,113,161,49,34,175,169,152,147,138,46,38,134,157,155,152,152,53,48,185,137,170,176,178,50,30,144,145,143,162,172,49,34,178,161
2919,2918,33,11,18,16,134,55,85,100,54,25,6,55,93,103,58,65,21,17,76,59,53,57,53,19,14,53,12,59,67,68,25,12,100,116,58,66,111,24,16,54,102,73,62,58,26,13,73,41,62,58,95,20,14,69,56,47,72,82,29,27,67,62,60,61,67,21,13,59,59,48,62,71,23,14,11,74,74,65,68,34,26,51,73,71,132,14,13,18,9,64,56,54,59,28,17,58,67,57,121,49,17,21,66,141,60,52,50,27,21,73,53,58,59,74,20,13,25,64,86,174,61,47,8,69,56,55,92,49,19,10,54,72,43,169,58,21,23,58,64,54,46,55,26,11,76,47,69,62,56,22,21,56,62
2919,2920,34,17,36,28,135,135,134,146,148,44,33,150,116,157,143,144,63,42,155,130,171,153,141,48,38,176,35,144,141,132,57,38,161,148,123,118,131,71,57,137,145,120,131,158,75,55,148,72,95,142,157,59,55,158,131,146,143,137,115,56,115,145,178,155,136,71,48,144,128,158,109,134,46,30,53,146,158,145,141,63,69,153,129,168,126,42,34,35,35,157,165,149,132,60,56,160,154,152,133,119,77,43,155,132,156,135,124,70,40,142,159,117,142,145,53,42,41,139,135,146,141,73,55,147,127,166,143,117,67,51,157,155,157,138,142,50,44,131,125,91,163,144,60,54,166,158,134,140,147,46,38,148,151
2919,4405,35,7,14,15,55,42,37,50,44,27,20,63,53,61,55,65,30,18,51,58,58,64,56,24,12,51,17,56,54,63,21,10,73,61,58,67,73,28,19,56,56,67,57,76,29,24,61,49,55,56,75,26,13,82,75,61,68,62,48,25,91,71,70,63,75,35,17,42,54,64,66,69,23,13,24,62,59,65,72,22,27,74,52,61,72,18,16,11,16,50,59,65,67,19,15,60,62,58,58,67,28,11,64,79,69,71,61,37,19,71,49,69,68,62,29,15,23,57,48,57,64,24,24,67,60,61,55,60,19,14,42,46,59,59,57,31,22,60,70,57,49,56,25,17,59,53,63,54,52,34,15,64,62
4405,2918,36,45,98,67,287,290,288,318,278,106,77,379,394,370,365,349,163,97,366,426,402,385,369,141,81,329,75,403,377,429,171,72,411,297,416,380,335,175,64,317,362,376,418,274,100,59,222,275,257,403,402,194,132,412,391,408,396,365,193,92,361,373,386,424,416,197,92,367,389,394,409,392,145,75,120,420,386,394,378,204,118,404,446,422,398,81,101,73,79,375,417,408,366,161,90,390,395,376,378,375,210,84,410,377,437,423,410,170,109,417,440,420,336,420,156,70,80,387,401,428,409,164,56,415,426,426,391,372,149,92,412,393,418,429,430,181,106,382,381,414,413,378,168,107,387,379,374,377,383,178,88,393,393
4405,2919,37,22,35,26,193,216,211,222,202,42,33,244,163,282,260,262,61,45,273,236,255,260,252,37,35,222,41,249,275,246,46,32,284,190,264,203,271,51,34,249,307,213,209,259,73,42,260,216,195,240,248,59,35,257,270,271,236,249,53,45,226,249,245,295,282,72,53,237,243,237,222,203,51,32,52,268,217,273,233,81,69,262,244,266,227,40,39,28,25,227,250,259,249,54,44,275,236,240,268,234,73,44,258,174,277,212,265,56,41,220,256,230,218,259,61,28,35,183,166,180,243,65,43,265,240,246,199,200,51,48,228,261,243,218,220,69,51,236,204,217,254,244,69,39,210,216,228,253,270,62,42,263,271
4405,4400,38,11,24,19,72,73,62,74,72,31,22,89,82,82,91,87,45,26,82,68,77,87,73,35,14,76,30,81,80,86,29,14,93,80,87,97,96,36,28,93,90,103,91,110,42,27,100,85,98,84,100,37,27,97,95,82,103,93,62,20,119,94,96,93,111,49,20,76,97,91,99,102,36,13,35,97,98,91,118,51,50,111,63,71,86,20,22,11,12,56,61,67,65,32,19,44,63,63,62,76,36,14,57,74,74,68,68,41,21,75,40,73,78,72,37,24,21,67,61,71,79,36,34,72,76,75,72,68,36,12,56,60,68,66,75,39,18,61,65,69,58,66,40,23,65,70,76,62,73,51,21,79,77
4405,4404,39,51,81,80,224,246,246,254,272,138,88,280,294,294,269,311,147,88,306,304,295,319,265,139,106,241,58,328,307,300,142,79,295,352,277,334,347,204,105,314,335,352,305,340,168,116,291,342,340,284,284,167,122,278,266,274,251,321,174,133,265,306,321,324,365,170,120,301,319,317,293,339,159,118,113,330,299,343,299,188,225,353,314,301,315,77,147,87,61,265,273,303,276,152,119,282,335,275,312,325,179,118,302,297,337,345,345,162,107,285,286,324,287,316,168,101,75,295,327,327,263,181,99,314,318,309,304,312,187,88,308,297,349,370,289,184,114,295,307,325,329,303,184,95,279,273,326,224,322,169,99,321,322
2921,2920,40,22,28,21,105,96,110,115,94,39,18,125,122,130,116,135,37,30,149,139,134,132,135,42,29,132,25,130,120,136,42,28,123,135,117,135,137,33,30,138,120,141,126,132,52,23,137,65,128,124,118,42,40,121,105,105,141,127,74,50,146,123,125,118,119,47,34,121,146,117,118,127,46,17,40,143,132,113,149,53,42,116,133,139,134,30,22,23,16,132,139,116,127,46,28,112,134,113,119,110,35,25,127,131,134,131,126,44,30,131,117,124,110,129,36,25,37,135,110,129,132,63,30,110,126,117,117,123,50,35,113,119,121,121,138,42,36,123,136,114,105,126,42,26,140,116,138,122,131,40,38,110,119
2921,2922,41,14,45,28,140,141,145,141,133,44,42,164,133,158,154,163,58,50,151,155,161,141,139,52,49,170,38,148,171,173,64,42,152,156,128,140,158,73,59,150,167,146,157,150,75,52,155,107,111,161,174,70,64,165,144,162,166,156,98,59,148,160,159,174,155,91,45,164,139,164,152,153,58,30,51,164,166,146,149,73,84,154,165,166,153,44,41,42,50,175,168,163,160,77,56,159,160,157,158,153,81,54,161,158,169,165,161,87,47,159,170,146,170,165,66,47,50,164,141,165,162,80,61,172,147,158,157,137,76,48,163,150,169,148,156,66,57,141,168,106,162,138,69,52,166,163,148,149,155,63,41,177,156
2921,4523,42,21,36,11,39,33,43,56,33,20,4,32,23,35,22,33,36,12,29,37,38,50,44,33,6,32,47,39,47,15,52,13,33,37,25,55,15,37,8,48,35,18,26,38,19,4,34,20,43,47,36,27,24,63,26,25,28,50,27,17,21,34,62,7,36,32,9,57,41,26,44,44,42,25,10,61,49,22,25,16,19,35,43,58,46,4,8,3,9,34,41,33,43,30,14,46,37,36,48,51,19,10,27,25,29,31,41,28,19,35,37,25,36,44,35,6,19,38,27,26,34,39,30,27,45,55,47,39,41,13,55,23,27,40,72,34,9,43,46,26,28,26,52,20,117,27,36,50,48,36,18,34,41
4404,4399,43,0,0,0,0,0,0,0,0,0,0,0,0,0,0,0,0,0,0,0,0,0,0,36,17,62,17,73,71,54,26,28,61,64,55,75,73,33,20,64,80,61,80,70,30,9,79,62,80,73,81,36,21,76,69,73,90,70,27,16,87,79,77,61,72,33,27,70,74,68,73,66,32,24,33,81,94,80,82,21,37,66,87,70,74,21,23,22,24,61,56,64,73,28,28,73,58,72,75,67,43,26,70,62,89,83,64,34,17,82,69,77,64,69,22,18,26,64,85,63,76,43,22,74,73,60,77,95,35,29,72,78,73,81,91,34,22,87,73,84,64,75,19,10,77,65,68,64,79,36,17,54,63
4404,4403,44,57,100,96,245,268,257,271,294,146,99,342,325,318,339,344,177,107,325,355,302,353,328,158,122,272,70,337,339,359,175,109,353,373,315,368,390,205,137,337,338,367,340,370,192,121,362,378,366,327,301,190,169,312,303,319,274,355,183,132,368,333,345,352,391,199,129,333,350,345,332,372,184,123,125,253,340,381,318,233,250,377,363,337,399,88,134,102,81,290,301,328,301,172,134,308,365,293,331,351,192,145,341,333,342,353,366,191,123,318,332,368,331,343,196,114,93,323,346,345,291,205,108,336,337,360,345,326,202,104,338,327,370,398,335,198,131,334,343,344,349,342,183,101,326,302,353,261,347,188,108,351,351
4404,2920,45,11,17,24,77,100,84,98,85,21,15,107,106,113,114,230,52,32,242,256,251,267,178,42,41,200,37,235,264,248,58,55,247,222,236,276,269,58,41,266,189,215,198,196,66,43,252,261,261,233,261,58,62,259,262,263,271,259,25,37,257,276,156,238,249,65,34,258,262,219,139,288,74,35,46,253,254,227,238,65,65,240,268,171,250,37,34,32,37,261,257,235,242,56,45,251,238,215,259,263,50,25,251,271,284,263,267,56,42,242,259,258,285,243,58,39,43,258,266,295,263,66,50,263,250,248,267,268,50,64,280,254,288,300,265,45,38,272,271,264,230,277,57,29,279,257,281,254,284,66,42,241,246
4404,4405,46,45,87,55,266,270,246,295,263,104,72,327,321,314,321,320,161,87,316,320,311,330,297,129,71,286,70,388,306,353,150,80,340,306,361,348,344,162,73,319,335,324,363,337,163,88,293,392,332,352,317,170,130,326,351,331,321,328,181,86,335,317,341,400,373,177,74,283,291,358,339,306,137,67,99,330,334,338,305,187,115,351,381,356,342,80,104,68,76,333,363,333,313,145,97,333,355,327,324,336,188,65,356,340,361,371,367,159,113,366,369,362,350,369,158,73,77,316,355,385,345,154,119,335,373,373,349,323,135,88,363,359,342,377,374,158,99,359,331,364,361,351,165,99,330,340,336,323,330,147,97,312,365
4523,2921,47,6,9,2,0,0,11,11,11,18,0,31,18,10,23,0,8,1,25,26,12,33,18,18,1,11,11,27,17,7,8,7,23,1,15,14,23,13,1,33,14,13,14,10,8,1,11,8,14,15,21,16,11,14,18,12,16,27,6,5,19,19,25,14,6,17,10,12,31,11,6,21,5,1,4,18,10,28,4,13,7,18,35,24,20,4,10,2,4,21,15,15,1,6,7,0,23,5,21,8,15,4,12,20,12,21,5,21,5,22,16,33,16,15,8,4,4,13,1,20,21,0,7,21,2,13,58,13,12,9,17,11,3,23,9,19,3,27,2,7,22,19,19,3,25,12,17,33,19,11,5,14,33
4523,4389,48,4,6,8,11,17,12,11,9,9,7,21,29,19,23,23,48,10,17,22,15,17,22,9,6,16,7,11,21,17,11,6,11,22,20,18,22,17,17,32,18,20,18,18,11,27,18,17,16,12,21,15,16,17,23,25,33,27,18,16,23,36,27,29,29,15,2,25,32,13,32,13,8,6,16,24,17,27,18,36,5,19,21,21,25,11,8,8,11,11,15,21,27,17,5,20,23,27,29,26,11,12,24,26,31,24,40,5,7,30,34,18,14,31,21,8,3,27,29,29,21,9,13,21,23,19,27,16,9,4,12,16,22,23,16,10,15,29,22,21,8,21,14,8,52,53,41,41,41,15,8,21,18
4389,4403,49,41,96,67,300,329,297,334,325,110,67,373,374,366,394,367,148,98,388,396,380,386,390,114,82,335,81,427,374,380,151,96,399,341,423,435,390,166,87,366,383,383,392,372,170,101,340,401,400,350,368,163,101,411,398,390,371,350,154,90,342,397,344,401,389,167,94,354,346,404,389,388,153,80,102,405,317,382,348,186,147,385,410,385,382,81,98,68,74,399,402,379,380,145,104,394,404,362,398,387,168,81,403,378,412,415,385,155,115,392,386,410,436,403,138,84,86,390,394,412,395,159,103,392,378,390,359,419,159,111,421,357,377,403,406,162,108,399,368,395,403,411,171,103,394,380,392,383,388,146,91,384,416
4389,4523,50,5,5,9,29,25,16,21,31,16,6,35,29,43,24,36,20,12,21,35,40,39,41,6,6,29,9,37,38,35,11,8,39,35,41,35,41,15,8,38,37,39,36,37,16,10,35,43,32,36,32,18,15,38,36,37,34,44,12,7,44,36,43,36,30,19,13,28,32,42,43,34,18,8,4,39,33,36,42,11,14,28,38,44,33,8,7,9,6,40,29,40,26,15,12,43,45,32,39,45,16,18,35,39,35,43,38,12,16,36,36,42,50,36,16,14,6,49,40,43,43,17,19,40,40,36,38,43,14,11,34,28,37,50,37,11,8,48,49,34,39,39,17,13,40,39,32,36,45,14,6,39,35
4403,4404,51,48,109,67,312,357,315,360,347,128,74,382,398,390,402,391,179,105,421,401,391,363,409,136,84,354,84,431,377,402,183,105,419,347,438,446,415,181,93,382,407,404,410,413,187,99,356,431,430,384,396,197,154,404,411,395,397,374,182,96,363,412,354,418,416,188,93,359,368,419,404,414,181,89,109,427,351,401,367,222,149,393,439,406,413,94,114,78,80,416,412,410,400,174,111,413,411,370,430,397,202,77,393,398,449,423,415,183,121,414,416,423,407,429,162,96,94,385,430,440,408,179,118,400,401,399,395,441,173,123,435,367,389,424,417,193,109,421,394,430,440,401,176,102,386,368,394,382,374,171,97,378,421
4403,4389,52,50,82,82,214,216,213,214,236,114,75,246,281,272,286,279,147,81,268,307,245,299,265,135,103,218,68,269,292,298,139,82,324,333,281,336,348,175,105,285,281,319,301,313,153,102,314,333,336,291,300,156,138,269,246,281,230,323,148,114,327,290,289,339,333,174,112,310,303,316,282,335,152,112,103,308,306,332,278,191,233,338,323,299,353,84,124,84,74,245,243,244,248,139,108,260,329,246,319,318,173,120,300,296,301,288,318,160,99,288,300,328,263,300,160,108,77,268,313,310,262,175,94,313,318,318,301,292,172,76,292,308,306,338,293,174,121,274,275,285,292,296,169,90,333,365,375,281,368,160,90,314,293
4413,4399,53,26,35,37,134,159,169,156,146,48,26,206,215,205,199,197,46,33,214,204,214,235,192,48,28,167,15,206,238,208,61,46,215,187,200,240,209,53,42,258,180,224,263,199,58,33,236,231,232,229,226,38,43,235,219,223,219,207,49,33,239,227,208,226,206,56,16,230,235,230,239,208,50,40,46,220,219,239,201,58,43,165,197,235,229,27,42,26,28,194,216,233,185,47,40,215,230,201,204,240,48,32,236,226,244,223,230,52,36,236,223,230,244,206,53,30,24,276,294,289,235,47,50,227,248,219,252,224,48,48,240,224,233,223,223,55,39,245,240,230,203,230,56,31,243,232,245,218,245,51,45,202,212
